Date,Darsenas y Bs As,Puertos de Necochea,Puertos-B.Blanca,Rosario y Zona
"ene 2, 2018",36,0,14,180
"ene 3, 2018",101,0,139,624
"ene 4, 2018",101,0,90,780
"ene 5, 2018",102,0,151,907
"ene 6, 2018",2,0,30,426
"ene 8, 2018",59,10,64,650
"ene 9, 2018",66,25,94,933
"ene 10, 2018",81,31,50,911
"ene 11, 2018",88,68,48,1202
"ene 12, 2018",72,63,59,1158
"ene 13, 2018",3,18,30,530
"ene 15, 2018",58,31,87,388
"ene 16, 2018",85,76,63,649
"ene 17, 2018",100,76,63,871
"ene 18, 2018",72,65,29,494
"ene 19, 2018",98,49,63,635
"ene 20, 2018",83,12,15,567
"ene 22, 2018",129,14,86,653
"ene 23, 2018",128,18,336,867
"ene 24, 2018",117,0,282,764
"ene 25, 2018",83,20,208,858
"ene 26, 2018",179,33,104,1018
"ene 27, 2018",19,3,14,574
"ene 29, 2018",68,19,190,454
"ene 30, 2018",95,28,191,613
"ene 31, 2018",27,18,92,216
"feb 1, 2018",94,13,97,198
"feb 2, 2018",99,11,203,191
"feb 3, 2018",54,0,8,116
"feb 5, 2018",29,9,66,210
"feb 6, 2018",35,9,80,221
"feb 7, 2018",56,9,133,200
"feb 8, 2018",35,9,98,124
"feb 9, 2018",56,9,120,164
"feb 10, 2018",53,0,2,134
"feb 14, 2018",54,9,133,562
"feb 15, 2018",121,9,134,1068
"feb 16, 2018",79,9,115,1178
"feb 17, 2018",73,0,7,1190
"feb 19, 2018",123,18,48,1143
"feb 20, 2018",131,30,130,1124
"feb 21, 2018",77,35,206,1182
"feb 22, 2018",74,63,199,1309
"feb 23, 2018",123,87,219,1699
"feb 24, 2018",3,26,28,1657
"feb 26, 2018",78,87,54,1052
"feb 27, 2018",54,61,194,1261
"feb 28, 2018",63,62,246,1351
"mar 1, 2018",111,51,189,1194
"mar 2, 2018",118,48,108,1154
"mar 3, 2018",11,49,99,1306
"mar 5, 2018",120,7,153,1593
"mar 6, 2018",82,1,160,1462
"mar 7, 2018",79,11,151,1912
"mar 8, 2018",146,7,181,2277
"mar 9, 2018",125,4,133,2881
"mar 10, 2018",101,5,43,2437
"mar 12, 2018",146,0,37,2189
"mar 13, 2018",167,17,104,2184
"mar 14, 2018",194,4,125,2890
"mar 15, 2018",186,5,103,2558
"mar 16, 2018",188,8,102,2447
"mar 17, 2018",100,0,13,2180
"mar 19, 2018",216,0,42,1903
"mar 20, 2018",149,0,44,2199
"mar 21, 2018",198,2,63,2415
"mar 22, 2018",207,8,157,2174
"mar 23, 2018",133,5,37,2106
"mar 24, 2018",70,0,0,1573
"mar 26, 2018",233,7,147,1767
"mar 27, 2018",223,5,135,1653
"mar 28, 2018",264,2,205,1393
"mar 29, 2018",170,1,57,1283
"mar 31, 2018",116,0,15,702
"abr 2, 2018",0,0,0,174
"abr 3, 2018",170,17,98,383
"abr 4, 2018",136,15,114,963
"abr 5, 2018",142,3,128,1033
"abr 7, 2018",20,1,51,1299
"abr 9, 2018",16,0,157,469
"abr 10, 2018",32,0,126,1054
"abr 11, 2018",39,1,141,1263
"abr 12, 2018",65,2,105,1192
"abr 13, 2018",60,2,103,1461
"abr 14, 2018",20,11,40,1195
"abr 16, 2018",88,42,134,1096
"abr 17, 2018",95,45,120,1392
"abr 18, 2018",81,10,96,1580
"abr 19, 2018",106,60,64,1567
"abr 20, 2018",157,7,83,1247
"abr 21, 2018",50,4,75,796
"abr 23, 2018",93,0,119,532
"abr 24, 2018",57,0,113,729
"abr 25, 2018",84,0,71,990
"abr 26, 2018",115,2,51,1043
"abr 27, 2018",66,0,79,1169
"abr 28, 2018",71,0,25,986
"may 2, 2018",19,1,52,162
"may 3, 2018",25,9,56,631
"may 4, 2018",42,1,54,775
"may 5, 2018",2,1,37,452
"may 7, 2018",38,0,55,488
"may 8, 2018",41,0,41,634
"may 9, 2018",41,0,43,640
"may 10, 2018",35,0,36,743
"may 11, 2018",41,0,42,676
"may 12, 2018",13,0,40,384
"may 14, 2018",54,0,76,531
"may 15, 2018",109,0,66,785
"may 16, 2018",101,1,58,1015
"may 17, 2018",90,8,36,1079
"may 18, 2018",91,16,40,1199
"may 19, 2018",9,3,14,1054
"may 21, 2018",93,41,58,778
"may 22, 2018",55,13,59,1047
"may 23, 2018",60,13,94,1129
"may 24, 2018",41,6,74,1397
"may 25, 2018",0,0,26,839
"may 26, 2018",2,1,95,1138
"may 28, 2018",104,1,126,1523
"may 29, 2018",90,1,99,1783
"may 30, 2018",54,1,137,1583
"may 31, 2018",20,16,86,1257
"jun 1, 2018",85,27,88,906
"jun 2, 2018",3,17,54,537
"jun 4, 2018",113,66,146,912
"jun 5, 2018",82,22,66,1186
"jun 6, 2018",77,22,88,1434
"jun 7, 2018",105,10,86,1535
"jun 8, 2018",106,15,109,1894
"jun 9, 2018",51,6,5,1337
"jun 11, 2018",141,3,89,1441
"jun 12, 2018",144,12,132,1782
"jun 13, 2018",29,30,108,954
"jun 14, 2018",16,19,71,867
"jun 15, 2018",11,31,49,1050
"jun 16, 2018",1,0,7,847
"jun 18, 2018",47,9,56,1170
"jun 19, 2018",92,38,100,1637
"jun 20, 2018",20,0,0,1065
"jun 21, 2018",149,52,165,1866
"jun 22, 2018",61,42,123,1468
"jun 23, 2018",45,28,43,1436
"jun 25, 2018",16,0,0,0
"jun 26, 2018",119,25,165,1374
"jun 27, 2018",113,96,129,1783
"jun 28, 2018",163,101,227,1753
"jun 29, 2018",165,112,290,1823
"jun 30, 2018",35,0,3,1432
"jul 2, 2018",173,195,271,1118
"jul 3, 2018",54,79,291,1361
"jul 5, 2018",72,63,192,1198
"jul 6, 2018",111,67,218,1354
"jul 7, 2018",19,33,2,970
"jul 10, 2018",29,123,96,501
"jul 11, 2018",86,84,67,983
"jul 12, 2018",84,113,59,1272
"jul 13, 2018",169,90,63,1866
"jul 14, 2018",28,44,22,1782
"jul 16, 2018",173,118,101,1635
"jul 17, 2018",160,92,77,1970
"jul 18, 2018",148,64,118,1841
"jul 19, 2018",56,21,91,1537
"jul 20, 2018",45,48,95,1397
"jul 21, 2018",3,0,3,852
"jul 23, 2018",34,62,78,1000
"jul 24, 2018",80,30,114,1925
"jul 25, 2018",134,43,172,1075
"jul 26, 2018",79,238,225,1243
"jul 27, 2018",58,238,194,1944
"jul 30, 2018",40,238,64,634
"jul 31, 2018",30,238,85,1169
"ago 1, 2018",54,61,134,1091
"ago 2, 2018",113,122,155,1233
"ago 3, 2018",115,98,180,1526
"ago 4, 2018",2,101,162,990
"ago 6, 2018",143,212,155,711
"ago 7, 2018",156,189,239,1109
"ago 8, 2018",172,106,183,1028
"ago 9, 2018",110,169,129,1285
"ago 10, 2018",51,110,149,1188
"ago 11, 2018",1,95,10,805
"ago 13, 2018",102,150,137,1036
"ago 14, 2018",64,123,163,954
"ago 15, 2018",94,133,122,972
"ago 16, 2018",130,96,115,1319
"ago 17, 2018",164,161,205,1236
"ago 18, 2018",0,46,36,986
"ago 21, 2018",145,125,137,739
"ago 22, 2018",116,205,220,964
"ago 23, 2018",195,137,215,1023
"ago 24, 2018",142,152,222,1092
"ago 27, 2018",160,161,108,646
"ago 28, 2018",192,193,175,647
"ago 29, 2018",194,228,253,607
"ago 30, 2018",166,230,240,709
"ago 31, 2018",54,248,240,546
"sep 1, 2018",0,39,16,485
"sep 3, 2018",126,112,89,474
"sep 4, 2018",121,168,197,105
"sep 5, 2018",115,161,146,577
"sep 6, 2018",120,152,160,716
"sep 7, 2018",131,85,140,967
"sep 8, 2018",0,54,15,674
"sep 10, 2018",97,40,128,376
"sep 11, 2018",90,36,192,521
"sep 12, 2018",86,38,235,675
"sep 13, 2018",57,18,209,675
"sep 14, 2018",37,15,231,732
"sep 15, 2018",0,19,2,752
"sep 17, 2018",57,49,119,746
"sep 18, 2018",87,58,195,847
"sep 20, 2018",81,12,137,1113
"sep 21, 2018",76,66,182,1051
"sep 24, 2018",60,168,131,951
"sep 25, 2018",2,0,0,0
"sep 26, 2018",36,82,148,841
"sep 27, 2018",54,100,181,1130
"sep 28, 2018",30,47,158,1075
"sep 29, 2018",0,0,11,520
"oct 1, 2018",36,32,49,715
"oct 2, 2018",59,69,182,726
"oct 3, 2018",72,64,183,985
"oct 4, 2018",83,73,316,1150
"oct 5, 2018",100,50,375,1105
"oct 6, 2018",2,20,107,726
"oct 8, 2018",91,62,223,656
"oct 9, 2018",70,46,157,780
"oct 10, 2018",71,51,180,915
"oct 11, 2018",78,68,334,891
"oct 12, 2018",78,64,379,812
"oct 13, 2018",0,0,327,270
"oct 16, 2018",54,28,80,214
"oct 17, 2018",85,69,135,446
"oct 18, 2018",80,66,168,658
"oct 19, 2018",70,82,112,566
"oct 20, 2018",1,8,14,198
"oct 22, 2018",114,21,28,260
"oct 23, 2018",104,25,26,638
"oct 24, 2018",78,19,28,350
"oct 25, 2018",52,19,17,84
"oct 26, 2018",70,46,11,519
"oct 27, 2018",2,0,6,202
"oct 29, 2018",100,27,8,270
"oct 30, 2018",94,20,144,299
"oct 31, 2018",25,31,183,481
"nov 1, 2018",20,28,129,514
"nov 2, 2018",56,28,139,377
"nov 3, 2018",1,0,23,109
"nov 5, 2018",82,6,113,120
"nov 6, 2018",70,8,113,259
"nov 7, 2018",77,15,124,434
"nov 8, 2018",82,10,102,273
"nov 9, 2018",56,22,67,195
"nov 12, 2018",119,27,17,154
"nov 14, 2018",103,23,12,175
"nov 15, 2018",73,13,15,390
"nov 16, 2018",59,5,8,320
"nov 17, 2018",0,0,0,281
"nov 20, 2018",83,9,16,482
"nov 21, 2018",72,13,0,618
"nov 22, 2018",94,29,48,641
"nov 23, 2018",66,26,42,673
"nov 24, 2018",0,0,3,476
"nov 26, 2018",83,64,116,442
"nov 27, 2018",279,158,107,293
"nov 28, 2018",55,88,64,310
"nov 29, 2018",61,87,60,474
"nov 30, 2018",22,138,96,705
"dic 1, 2018",0,34,12,336
"dic 4, 2018",44,86,139,440
"dic 6, 2018",399,8,16,2248
"dic 7, 2018",70,93,126,565
"dic 10, 2018",46,41,61,313
"dic 11, 2018",38,96,121,443
"dic 12, 2018",34,81,114,542
"dic 13, 2018",57,83,83,568
"dic 14, 2018",46,85,30,434
"dic 15, 2018",1,6,9,326
"dic 17, 2018",58,52,21,272
"dic 18, 2018",54,62,14,226
"dic 19, 2018",65,51,87,260
"dic 20, 2018",41,27,66,376
"dic 21, 2018",32,14,32,600
"dic 22, 2018",0,2,89,375
"dic 26, 2018",14,6,23,137
"dic 27, 2018",34,10,27,603
"dic 28, 2018",36,113,42,569
"dic 29, 2018",10,0,23,365
"dic 31, 2018",0,0,7,32
"ene 3, 2019",32,9,14,395
"ene 4, 2019",58,65,14,541
"ene 5, 2019",21,48,78,509
"ene 7, 2019",101,0,79,368
"ene 8, 2019",92,0,104,580
"ene 10, 2019",88,8,64,432
"ene 11, 2019",36,20,60,368
"ene 12, 2019",0,18,0,357
"ene 14, 2019",59,0,86,563
"ene 15, 2019",59,0,86,563
"ene 16, 2019",44,0,38,369
"ene 17, 2019",72,0,57,698
"ene 18, 2019",91,0,61,550
"ene 19, 2019",4,0,54,390
"ene 21, 2019",74,0,65,425
"ene 22, 2019",111,0,56,841
"ene 23, 2019",127,0,73,982
"ene 24, 2019",126,5,57,1081
"ene 25, 2019",125,0,47,703
"ene 26, 2019",0,1,10,391
"ene 28, 2019",118,0,26,408
"ene 29, 2019",89,22,42,549
"ene 30, 2019",73,45,46,639
"ene 31, 2019",33,55,64,717
"feb 1, 2019",82,69,54,492
"feb 2, 2019",0,6,10,265
"feb 4, 2019",78,29,11,345
"feb 5, 2019",40,46,77,427
"feb 6, 2019",89,42,99,626
"feb 7, 2019",70,20,104,688
"feb 8, 2019",109,63,132,857
"feb 9, 2019",0,23,115,540
"feb 11, 2019",62,35,67,637
"feb 12, 2019",39,34,68,621
"feb 13, 2019",34,41,64,651
"feb 14, 2019",52,16,129,647
"feb 15, 2019",35,50,116,810
"feb 16, 2019",12,0,42,959
"feb 18, 2019",38,11,120,871
"feb 19, 2019",33,20,97,1245
"feb 20, 2019",47,50,147,1372
"feb 21, 2019",45,58,116,1664
"feb 22, 2019",41,41,179,2070
"feb 23, 2019",5,3,43,1985
"feb 25, 2019",19,3,101,826
"feb 26, 2019",31,6,188,874
"feb 27, 2019",29,12,325,987
"feb 28, 2019",30,12,266,1625
"mar 1, 2019",74,7,240,2144
"mar 6, 2019",18,8,46,793
"mar 7, 2019",34,11,178,1440
"mar 8, 2019",78,15,124,1488
"mar 9, 2019",32,8,28,1464
"mar 10, 2019",0,0,0,383
"mar 11, 2019",92,21,72,1269
"mar 12, 2019",133,28,88,1671
"mar 13, 2019",105,24,79,1887
"mar 14, 2019",131,37,118,2577
"mar 15, 2019",118,49,110,3517
"mar 16, 2019",46,47,18,3451
"mar 18, 2019",141,16,163,2187
"mar 19, 2019",200,11,153,2809
"mar 20, 2019",66,19,129,2710
"mar 21, 2019",96,28,178,3011
"mar 22, 2019",148,27,181,3097
"mar 23, 2019",109,2,81,2661
"mar 25, 2019",339,5,166,3044
"mar 26, 2019",236,0,213,3060
"mar 27, 2019",278,0,275,3240
"mar 28, 2019",267,3,212,3527
"mar 29, 2019",246,1,228,3365
"mar 30, 2019",183,4,219,2673
"abr 1, 2019",229,16,251,1731
"abr 2, 2019",29,0,80,1762
"abr 3, 2019",154,54,121,2031
"abr 4, 2019",214,34,251,2195
"abr 5, 2019",169,33,288,2397
"abr 6, 2019",208,24,279,1558
"abr 8, 2019",169,20,323,1824
"abr 9, 2019",152,24,246,1920
"abr 10, 2019",113,17,338,2142
"abr 11, 2019",108,13,343,2095
"abr 12, 2019",85,11,307,2063
"abr 13, 2019",9,6,168,2014
"abr 15, 2019",114,15,247,1728
"abr 16, 2019",98,16,333,1662
"abr 17, 2019",116,12,314,1610
"abr 18, 2019",97,6,472,1717
"abr 19, 2019",61,0,0,1574
"abr 20, 2019",62,2,373,1271
"abr 22, 2019",65,0,195,1510
"abr 23, 2019",74,0,291,1865
"abr 24, 2019",41,0,264,2313
"abr 25, 2019",54,7,420,1866
"abr 26, 2019",54,12,593,1725
"abr 27, 2019",6,6,317,1280
"abr 29, 2019",84,15,192,671
"abr 30, 2019",8,26,0,37
"may 2, 2019",136,44,293,1447
"may 3, 2019",70,29,347,2295
"may 4, 2019",34,19,261,2345
"may 5, 2019",0,0,0,1105
"may 6, 2019",104,44,357,1301
"may 7, 2019",171,54,411,2347
"may 8, 2019",110,49,395,2616
"may 9, 2019",102,43,357,2623
"may 10, 2019",84,70,254,1705
"may 11, 2019",1,0,72,1172
"may 13, 2019",101,27,243,1027
"may 14, 2019",76,53,279,1881
"may 15, 2019",56,35,232,1998
"may 16, 2019",66,21,229,2869
"may 17, 2019",90,48,133,3400
"may 18, 2019",5,8,225,2897
"may 20, 2019",82,9,366,1718
"may 21, 2019",38,34,262,1645
"may 22, 2019",25,45,299,1308
"may 23, 2019",23,55,349,1359
"may 24, 2019",65,51,337,1910
"may 27, 2019",93,20,246,1414
"may 28, 2019",54,31,397,2913
"may 29, 2019",0,0,0,0
"may 30, 2019",40,36,324,2820
"may 31, 2019",15,23,445,2900
"jun 1, 2019",0,14,221,1956
"jun 3, 2019",54,47,287,944
"jun 4, 2019",45,33,385,1689
"jun 5, 2019",57,43,435,2000
"jun 6, 2019",68,57,421,2484
"jun 7, 2019",62,57,376,2420
"jun 8, 2019",0,12,373,2423
"jun 10, 2019",57,95,295,1495
"jun 11, 2019",65,90,325,2300
"jun 12, 2019",39,122,530,2073
"jun 13, 2019",44,108,452,2014
"jun 14, 2019",30,92,364,1473
"jun 15, 2019",4,9,283,902
"jun 18, 2019",25,68,201,302
"jun 19, 2019",41,50,108,761
"jun 21, 2019",31,88,262,883
"jun 22, 2019",50,57,148,1598
"jun 24, 2019",47,71,168,1366
"jun 25, 2019",38,54,218,1909
"jun 26, 2019",32,84,217,2278
"jun 27, 2019",75,58,222,2643
"jun 28, 2019",68,79,250,2751
"jun 29, 2019",0,29,106,2836
"jul 1, 2019",52,117,191,1628
"jul 2, 2019",45,79,279,2284
"jul 3, 2019",58,47,190,2395
"jul 4, 2019",70,51,234,3001
"jul 5, 2019",84,45,240,3106
"jul 6, 2019",3,37,248,3383
"jul 8, 2019",57,79,169,1664
"jul 10, 2019",70,138,254,1644
"jul 11, 2019",78,99,211,2610
"jul 12, 2019",58,112,347,2813
"jul 13, 2019",36,83,236,3051
"jul 15, 2019",86,338,265,2088
"jul 16, 2019",108,141,354,2413
"jul 17, 2019",124,146,425,2961
"jul 18, 2019",142,185,387,3305
"jul 19, 2019",146,197,458,3774
"jul 20, 2019",31,200,377,3539
"jul 22, 2019",87,283,360,1997
"jul 23, 2019",103,196,339,2925
"jul 24, 2019",141,277,428,2613
"jul 25, 2019",112,186,493,2682
"jul 26, 2019",59,183,513,2080
"jul 27, 2019",32,57,249,2105
"jul 29, 2019",40,275,504,1606
"jul 30, 2019",81,224,547,2173
"jul 31, 2019",33,191,604,2563
"ago 1, 2019",88,143,527,2620
"ago 2, 2019",113,174,380,2698
"ago 3, 2019",84,138,138,2417
"ago 5, 2019",128,62,147,1789
"ago 6, 2019",224,49,241,1855
"ago 7, 2019",106,140,433,2031
"ago 8, 2019",171,103,413,2062
"ago 9, 2019",196,0,484,1582
"ago 10, 2019",132,158,115,1341
"ago 12, 2019",184,238,304,1536
"ago 13, 2019",182,260,336,1723
"ago 14, 2019",156,244,312,2092
"ago 15, 2019",139,221,346,1994
"ago 16, 2019",146,126,348,1723
"ago 17, 2019",55,0,0,833
"ago 19, 2019",21,0,86,1036
"ago 20, 2019",93,156,353,1474
"ago 21, 2019",88,107,231,1716
"ago 22, 2019",93,272,338,1808
"ago 23, 2019",129,219,304,1403
"ago 24, 2019",49,0,78,1890
"ago 26, 2019",139,162,324,1209
"ago 27, 2019",94,180,352,1429
"ago 28, 2019",97,152,371,1940
"ago 29, 2019",73,170,325,1969
"ago 30, 2019",48,194,379,2046
"ago 31, 2019",25,62,6,1431
"sep 2, 2019",76,156,358,569
"sep 3, 2019",72,170,252,756
"sep 4, 2019",94,120,296,1189
"sep 5, 2019",102,78,96,1182
"sep 6, 2019",96,55,130,1675
"sep 7, 2019",20,9,255,1589
"sep 9, 2019",81,6,91,826
"sep 10, 2019",75,26,154,1296
"sep 11, 2019",88,74,322,1450
"sep 12, 2019",85,61,311,1727
"sep 13, 2019",72,54,398,2283
"sep 14, 2019",20,20,285,1427
"sep 16, 2019",65,72,313,1068
"sep 17, 2019",55,55,514,1619
"sep 18, 2019",77,45,584,2094
"sep 19, 2019",96,134,599,2247
"sep 20, 2019",78,84,76,2423
"sep 21, 2019",0,54,259,1134
"sep 23, 2019",78,154,253,782
"sep 24, 2019",59,191,355,1445
"sep 25, 2019",78,388,503,1638
"sep 26, 2019",53,243,507,1560
"sep 27, 2019",56,161,413,1482
"sep 28, 2019",0,6,70,1880
"sep 30, 2019",5,3,343,804
"oct 1, 2019",56,70,400,1278
"oct 2, 2019",68,131,471,1572
"oct 3, 2019",84,148,538,2020
"oct 4, 2019",90,167,729,1601
"oct 5, 2019",2,0,330,1014
"oct 7, 2019",62,134,490,850
"oct 8, 2019",54,149,626,1127
"oct 9, 2019",82,134,682,1284
"oct 10, 2019",102,180,622,1702
"oct 11, 2019",99,156,593,1633
"oct 12, 2019",15,0,172,1090
"oct 14, 2019",3,108,416,569
"oct 15, 2019",71,137,545,868
"oct 16, 2019",70,205,476,867
"oct 17, 2019",59,138,497,953
"oct 18, 2019",56,101,452,1664
"oct 19, 2019",8,35,269,1041
"oct 21, 2019",42,67,353,660
"oct 22, 2019",73,130,434,1407
"oct 23, 2019",60,106,449,1324
"oct 24, 2019",67,129,383,1600
"oct 25, 2019",71,119,327,1126
"oct 26, 2019",0,0,36,941
"oct 28, 2019",46,26,100,508
"oct 29, 2019",25,98,241,478
"oct 30, 2019",77,95,195,921
"oct 31, 2019",44,129,411,1118
"nov 1, 2019",89,160,454,1542
"nov 2, 2019",9,9,400,878
"nov 4, 2019",121,120,194,595
"nov 5, 2019",50,164,319,979
"nov 6, 2019",62,165,369,969
"nov 7, 2019",106,158,368,1242
"nov 8, 2019",40,237,302,1480
"nov 9, 2019",0,117,72,1154
"nov 11, 2019",48,48,206,624
"nov 12, 2019",25,165,263,1083
"nov 13, 2019",28,144,207,1030
"nov 14, 2019",60,158,194,1459
"nov 15, 2019",75,159,157,1495
"nov 16, 2019",41,0,89,997
"nov 19, 2019",76,52,183,600
"nov 20, 2019",121,91,232,980
"nov 21, 2019",101,110,254,1138
"nov 22, 2019",98,66,235,1357
"nov 23, 2019",0,35,31,1168
"nov 25, 2019",54,0,183,757
"nov 26, 2019",54,61,162,1003
"nov 27, 2019",72,39,220,1569
"nov 28, 2019",82,64,307,1422
"nov 29, 2019",56,133,337,943
"nov 30, 2019",0,0,38,980
"dic 2, 2019",67,8,299,704
"dic 3, 2019",39,12,311,920
"dic 4, 2019",58,23,346,968
"dic 5, 2019",37,10,200,1080
"dic 6, 2019",45,5,194,1093
"dic 7, 2019",0,0,25,1057
"dic 8, 2019",0,0,0,279
"dic 9, 2019",60,4,130,575
"dic 10, 2019",19,17,173,770
"dic 11, 2019",32,15,228,1217
"dic 12, 2019",23,12,254,1362
"dic 13, 2019",61,29,197,1211
"dic 14, 2019",33,12,50,733
"dic 16, 2019",43,16,103,785
"dic 17, 2019",49,8,101,805
"dic 18, 2019",32,10,26,1080
"dic 19, 2019",34,15,164,1220
"dic 20, 2019",52,11,208,902
"dic 21, 2019",20,7,165,815
"dic 23, 2019",51,0,237,407
"dic 24, 2019",3,2,0,226
"dic 26, 2019",26,1,138,319
"dic 27, 2019",46,2,235,764
"dic 28, 2019",22,0,20,767
"dic 30, 2019",25,0,259,867
"ene 2, 2020",2,2,105,207
"ene 3, 2020",19,4,185,674
"ene 4, 2020",3,3,0,407
"ene 6, 2020",28,0,112,649
"ene 7, 2020",14,0,98,1072
"ene 8, 2020",24,0,179,1046
"ene 9, 2020",14,13,158,1294
"ene 10, 2020",48,65,179,1905
"ene 11, 2020",0,14,120,1170
"ene 13, 2020",51,6,60,580
"ene 14, 2020",17,13,74,1023
"ene 15, 2020",22,45,25,971
"ene 16, 2020",32,90,43,799
"ene 17, 2020",84,33,118,1027
"ene 18, 2020",22,0,31,508
"ene 20, 2020",24,0,99,364
"ene 21, 2020",34,13,108,786
"ene 22, 2020",44,29,121,658
"ene 23, 2020",42,47,132,956
"ene 24, 2020",24,40,301,865
"ene 25, 2020",5,7,116,612
"ene 27, 2020",28,47,86,634
"ene 28, 2020",49,26,165,1062
"ene 29, 2020",65,35,165,1138
"ene 30, 2020",72,21,114,945
"ene 31, 2020",44,60,56,981
"feb 1, 2020",5,0,5,365
"feb 3, 2020",79,16,100,806
"feb 4, 2020",75,0,184,971
"feb 5, 2020",89,0,155,1084
"feb 6, 2020",64,0,275,1155
"feb 7, 2020",48,0,159,1188
"feb 8, 2020",0,0,91,518
"feb 10, 2020",55,0,101,531
"feb 11, 2020",23,0,184,721
"feb 12, 2020",51,0,243,961
"feb 13, 2020",75,0,211,1356
"feb 14, 2020",67,0,184,1373
"feb 15, 2020",25,0,119,1145
"feb 17, 2020",33,0,73,621
"feb 18, 2020",8,0,57,763
"feb 19, 2020",15,0,91,575
"feb 20, 2020",15,0,170,635
"feb 21, 2020",12,0,191,668
"feb 22, 2020",6,0,96,488
"feb 26, 2020",35,15,100,969
"feb 27, 2020",100,7,110,1531
"feb 28, 2020",76,16,119,1900
"feb 29, 2020",5,1,23,1569
"mar 2, 2020",114,44,28,1751
"mar 3, 2020",81,0,29,1872
"mar 4, 2020",73,33,32,2758
"mar 5, 2020",138,19,67,3457
"mar 6, 2020",138,36,63,3592
"mar 7, 2020",118,0,91,3441
"mar 9, 2020",272,1,39,3326
"mar 10, 2020",89,1,20,2860
"mar 11, 2020",126,5,20,3332
"mar 12, 2020",44,3,13,2964
"mar 13, 2020",95,3,61,3553
"mar 14, 2020",106,0,21,3106
"mar 16, 2020",58,2,265,2174
"mar 17, 2020",62,2,197,2636
"mar 18, 2020",49,2,126,1804
"mar 19, 2020",58,0,33,2009
"mar 20, 2020",72,0,71,1609
"mar 21, 2020",175,2,0,1241
"mar 23, 2020",230,0,0,1053
"mar 24, 2020",86,0,0,1250
"mar 25, 2020",279,0,165,1509
"mar 26, 2020",211,8,126,1638
"mar 27, 2020",189,6,147,1444
"mar 28, 2020",219,6,139,1270
"mar 30, 2020",283,0,298,1401
"mar 31, 2020",61,0,0,1693
"abr 1, 2020",224,11,228,2469
"abr 2, 2020",89,9,227,1919
"abr 3, 2020",149,3,305,1777
"abr 4, 2020",163,6,149,1624
"abr 6, 2020",159,3,295,1690
"abr 7, 2020",99,3,220,2032
"abr 8, 2020",110,10,331,2690
"abr 9, 2020",77,5,386,2309
"abr 10, 2020",46,0,0,1581
"abr 11, 2020",85,2,182,1794
"abr 13, 2020",96,0,365,1807
"abr 14, 2020",55,1,427,2109
"abr 15, 2020",61,0,398,2011
"abr 16, 2020",64,1,396,2197
"abr 17, 2020",71,4,379,2024
"abr 18, 2020",28,7,98,1835
"abr 20, 2020",114,4,555,2112
"abr 21, 2020",51,1,571,2288
"abr 22, 2020",57,0,488,2538
"abr 23, 2020",23,0,482,2509
"abr 24, 2020",96,0,455,2679
"abr 25, 2020",23,0,146,2009
"abr 27, 2020",56,11,583,930
"abr 28, 2020",17,12,442,1229
"abr 29, 2020",53,3,533,1423
"abr 30, 2020",26,30,536,1815
"may 2, 2020",5,31,98,1276
"may 4, 2020",98,4,480,1581
"may 5, 2020",52,9,406,1951
"may 6, 2020",60,7,414,1997
"may 7, 2020",86,7,355,1922
"may 8, 2020",116,7,408,1767
"may 9, 2020",83,21,123,1561
"may 11, 2020",103,40,468,1204
"may 12, 2020",68,29,405,1561
"may 13, 2020",30,19,375,1752
"may 14, 2020",42,31,388,1939
"may 15, 2020",24,30,521,2087
"may 16, 2020",41,11,436,1864
"may 18, 2020",77,24,494,1194
"may 19, 2020",59,43,400,1694
"may 20, 2020",61,37,419,2188
"may 21, 2020",32,24,435,1999
"may 22, 2020",36,38,415,1513
"may 23, 2020",25,37,321,1421
"may 26, 2020",102,74,427,1142
"may 27, 2020",64,49,401,1916
"may 28, 2020",102,28,0,2031
"may 29, 2020",59,32,0,2286
"may 30, 2020",30,22,0,1893
"jun 1, 2020",83,40,0,1322
"jun 2, 2020",105,34,0,1737
"jun 3, 2020",61,47,0,1563
"jun 4, 2020",103,34,0,1974
"jun 5, 2020",59,46,0,2137
"jun 6, 2020",17,38,0,1461
"jun 8, 2020",59,96,0,1136
"jun 9, 2020",43,71,0,1769
"jun 10, 2020",55,78,0,1763
"jun 11, 2020",83,79,0,1895
"jun 12, 2020",135,99,0,2346
"jun 13, 2020",73,51,0,2309
"jun 16, 2020",113,78,0,1726
"jun 17, 2020",126,150,621,2291
"jun 18, 2020",100,120,713,2371
"jun 19, 2020",55,163,668,2902
"jun 20, 2020",80,0,0,2129
"jun 22, 2020",71,140,703,1149
"jun 23, 2020",54,102,700,1928
"jun 24, 2020",80,88,742,1666
"jun 25, 2020",65,103,579,1763
"jun 26, 2020",106,92,553,2087
"jun 27, 2020",84,11,487,1808
"jun 29, 2020",100,148,197,1470
"jun 30, 2020",65,51,275,1920
"jul 1, 2020",65,94,457,1661
"jul 2, 2020",30,73,367,1855
"jul 3, 2020",72,37,379,1797
"jul 4, 2020",20,13,275,1351
"jul 6, 2020",113,84,452,864
"jul 7, 2020",101,71,418,1390
"jul 8, 2020",125,62,373,1837
"jul 9, 2020",59,0,0,1893
"jul 11, 2020",25,106,77,1228
"jul 13, 2020",108,112,514,1007
"jul 14, 2020",74,150,509,1760
"jul 15, 2020",123,130,556,1958
"jul 16, 2020",161,113,601,2132
"jul 17, 2020",126,173,788,2327
"jul 18, 2020",90,150,618,2096
"jul 20, 2020",134,314,761,1470
"jul 21, 2020",88,172,567,1617
"jul 22, 2020",36,97,462,1703
"jul 23, 2020",26,84,368,1824
"jul 24, 2020",34,82,347,1964
"jul 25, 2020",27,53,74,1593
"jul 27, 2020",50,230,439,1314
"jul 28, 2020",94,98,542,1628
"jul 29, 2020",124,88,597,2075
"jul 30, 2020",161,130,619,2175
"jul 31, 2020",138,137,636,1851
"ago 1, 2020",127,75,177,1312
"ago 3, 2020",175,246,663,1465
"ago 4, 2020",180,200,761,1733
"ago 5, 2020",203,275,927,1946
"ago 6, 2020",228,230,1146,1884
"ago 7, 2020",157,142,1238,2053
"ago 8, 2020",22,113,297,1493
"ago 10, 2020",79,300,941,1424
"ago 11, 2020",71,171,1045,1617
"ago 12, 2020",64,194,1131,1777
"ago 13, 2020",78,135,1167,1745
"ago 15, 2020",87,157,30,1419
"ago 18, 2020",112,306,827,1100
"ago 19, 2020",105,331,933,1562
"ago 20, 2020",155,360,1046,1766
"ago 21, 2020",125,453,1205,1596
"ago 22, 2020",122,253,316,1392
"ago 24, 2020",83,393,785,1025
"ago 25, 2020",123,285,1045,1838
"ago 26, 2020",33,353,1087,1566
"ago 27, 2020",38,392,867,1457
"ago 28, 2020",89,136,145,979
"ago 29, 2020",32,90,61,991
"ago 31, 2020",49,135,653,878
"sep 1, 2020",87,110,835,1376
"sep 2, 2020",84,181,865,1497
"sep 3, 2020",40,251,769,1335
"sep 4, 2020",39,161,781,1631
"sep 5, 2020",5,9,6,937
"sep 7, 2020",20,113,319,1084
"sep 8, 2020",75,181,327,1056
"sep 9, 2020",81,135,505,1328
"sep 10, 2020",93,92,578,1478
"sep 11, 2020",104,98,553,1436
"sep 12, 2020",1,37,77,725
"sep 14, 2020",90,100,218,891
"sep 15, 2020",84,120,334,867
"sep 16, 2020",113,256,534,990
"sep 17, 2020",83,221,538,1086
"sep 18, 2020",65,111,591,1098
"sep 19, 2020",4,0,71,708
"sep 21, 2020",76,41,146,536
"sep 22, 2020",44,45,189,757
"sep 23, 2020",41,40,402,868
"sep 24, 2020",46,33,532,901
"sep 25, 2020",42,28,335,825
"sep 26, 2020",1,0,0,305
"sep 28, 2020",35,0,77,252
"sep 29, 2020",68,30,62,526
"sep 30, 2020",15,42,6,442
"oct 1, 2020",67,21,0,350
"oct 2, 2020",86,39,0,655
"oct 3, 2020",0,16,257,355
"oct 5, 2020",82,114,113,570
"oct 6, 2020",39,80,301,783
"oct 7, 2020",60,83,355,853
"oct 8, 2020",44,110,414,925
"oct 9, 2020",100,129,380,882
"oct 10, 2020",23,29,13,520
"oct 13, 2020",87,39,303,667
"oct 14, 2020",56,54,357,734
"oct 15, 2020",77,60,334,1010
"oct 16, 2020",65,60,346,1200
"oct 17, 2020",0,22,41,623
"oct 18, 2020",0,0,0,180
"oct 19, 2020",31,37,159,613
"oct 20, 2020",34,23,99,778
"oct 21, 2020",54,30,102,904
"oct 22, 2020",61,20,204,824
"oct 23, 2020",75,12,184,904
"oct 24, 2020",12,0,34,604
"oct 25, 2020",0,0,0,147
"oct 26, 2020",32,26,288,744
"oct 27, 2020",50,50,228,901
"oct 28, 2020",54,57,258,722
"oct 29, 2020",51,60,253,838
"oct 30, 2020",70,43,295,1179
"oct 31, 2020",16,8,37,661
"nov 1, 2020",0,0,0,79
"nov 2, 2020",83,51,252,753
"nov 3, 2020",47,51,356,967
"nov 4, 2020",70,67,317,974
"nov 5, 2020",62,51,325,1121
"nov 6, 2020",67,73,273,1118
"nov 7, 2020",4,28,7,616
"nov 8, 2020",0,0,0,49
"nov 9, 2020",70,75,330,500
"nov 10, 2020",49,64,346,770
"nov 11, 2020",55,112,360,528
"nov 12, 2020",82,112,334,524
"nov 13, 2020",67,99,344,558
"nov 14, 2020",35,28,28,259
"nov 15, 2020",0,0,0,104
"nov 16, 2020",85,34,50,342
"nov 17, 2020",70,39,41,450
"nov 18, 2020",79,26,63,589
"nov 19, 2020",74,49,213,667
"nov 20, 2020",102,35,179,537
"nov 21, 2020",35,35,23,329
"nov 22, 2020",0,0,0,86
"nov 24, 2020",80,63,174,254
"nov 25, 2020",76,100,202,353
"nov 26, 2020",72,96,152,426
"nov 27, 2020",89,89,141,410
"nov 28, 2020",8,0,1,239
"nov 29, 2020",0,0,0,25
"nov 30, 2020",9,79,237,221
"dic 1, 2020",69,0,256,180
"dic 2, 2020",54,272,309,187
"dic 3, 2020",74,189,228,280
"dic 4, 2020",57,31,260,168
"dic 6, 2020",0,0,0,1
"dic 7, 2020",0,0,0,33
"dic 8, 2020",0,0,0,86
"dic 9, 2020",50,164,146,193
"dic 10, 2020",34,102,124,280
"dic 11, 2020",29,138,0,341
"dic 12, 2020",11,6,9,187
"dic 13, 2020",0,0,0,0
"dic 14, 2020",47,69,16,268
"dic 15, 2020",63,100,15,502
"dic 16, 2020",45,48,12,368
"dic 17, 2020",60,28,13,531
"dic 18, 2020",66,117,0,541
"dic 19, 2020",10,13,0,133
"dic 20, 2020",0,0,0,0
"dic 21, 2020",89,9,0,120
"dic 22, 2020",72,80,9,163
"dic 23, 2020",95,30,11,98
"dic 24, 2020",15,7,0,8
"dic 26, 2020",11,0,0,2
"dic 27, 2020",0,0,0,63
"dic 28, 2020",78,2,8,102
"dic 29, 2020",89,13,6,255
"dic 30, 2020",53,10,4,276
"dic 31, 2020",6,30,0,59
"ene 2, 2021",0,0,0,228
"ene 4, 2021",50,17,17,331
"ene 5, 2021",81,25,29,635
"ene 6, 2021",72,16,24,768
"ene 7, 2021",70,10,9,828
"ene 8, 2021",69,10,126,1091
"ene 9, 2021",0,0,26,926
"ene 11, 2021",35,0,95,313
"ene 12, 2021",43,94,48,430
"ene 13, 2021",21,37,79,446
"ene 14, 2021",48,71,145,763
"ene 15, 2021",46,55,136,809
"ene 16, 2021",1,55,16,835
"ene 18, 2021",31,55,45,202
"ene 19, 2021",9,0,358,76
"ene 20, 2021",42,0,0,79
"ene 21, 2021",24,0,0,181
"ene 22, 2021",30,0,0,284
"ene 23, 2021",0,0,0,372
"ene 25, 2021",81,0,0,423
"ene 26, 2021",50,0,0,713
"ene 27, 2021",75,0,0,913
"ene 28, 2021",84,0,0,881
"ene 29, 2021",66,0,0,978
"ene 30, 2021",8,0,0,668
"feb 1, 2021",63,0,0,205
"feb 2, 2021",64,0,0,306
"feb 3, 2021",48,0,0,267
"feb 4, 2021",51,0,0,238
"feb 5, 2021",61,0,0,465
"feb 6, 2021",15,0,0,490
"feb 8, 2021",65,0,0,410
"feb 9, 2021",73,0,0,687
"feb 10, 2021",98,60,243,749
"feb 11, 2021",89,141,300,641
"feb 12, 2021",73,239,339,686
"feb 13, 2021",15,262,198,637
"feb 17, 2021",51,41,259,251
"feb 18, 2021",92,67,286,639
"feb 19, 2021",86,50,325,787
"feb 20, 2021",9,44,51,551
"feb 22, 2021",121,29,202,491
"feb 23, 2021",127,45,219,630
"feb 24, 2021",137,72,174,601
"feb 25, 2021",162,96,359,819
"feb 26, 2021",217,47,357,976
"feb 27, 2021",120,1,76,712
"mar 1, 2021",205,39,114,932
"mar 2, 2021",183,29,112,1350
"mar 3, 2021",262,55,120,1347
"mar 4, 2021",202,81,204,1204
"mar 5, 2021",127,13,99,1006
"mar 6, 2021",116,0,10,836
"mar 8, 2021",197,81,222,921
"mar 9, 2021",210,100,225,1414
"mar 10, 2021",144,0,302,1424
"mar 11, 2021",193,19,294,1663
"mar 12, 2021",263,63,318,1804
"mar 13, 2021",167,88,48,1103
"mar 15, 2021",232,14,224,1340
"mar 16, 2021",218,3,252,1590
"mar 17, 2021",74,26,216,941
"mar 18, 2021",54,18,201,902
"mar 19, 2021",212,21,293,776
"mar 20, 2021",177,19,92,1142
"mar 22, 2021",113,6,265,834
"mar 23, 2021",115,21,288,1724
"mar 25, 2021",226,29,371,2462
"mar 26, 2021",99,25,341,1814
"mar 27, 2021",51,11,52,1532
"mar 28, 2021",0,0,0,473
"mar 29, 2021",68,57,214,1244
"mar 30, 2021",145,37,272,1854
"mar 31, 2021",174,34,348,2162
"abr 1, 2021",295,35,290,2216
"abr 3, 2021",265,47,156,1969
"abr 5, 2021",199,53,496,2018
"abr 6, 2021",237,51,383,2460
"abr 7, 2021",284,60,547,2685
"abr 8, 2021",261,108,570,2492
"abr 9, 2021",203,78,456,2486
"abr 11, 2021",0,0,0,826
"abr 12, 2021",70,0,370,837
"abr 13, 2021",111,67,350,1551
"abr 14, 2021",121,74,325,1561
"abr 15, 2021",223,68,312,1853
"abr 16, 2021",112,97,330,1801
"abr 17, 2021",125,15,125,1714
"abr 18, 2021",60,0,0,1492
"abr 19, 2021",214,34,498,2046
"abr 20, 2021",210,61,443,2593
"abr 21, 2021",194,39,398,2559
"abr 22, 2021",205,146,532,2318
"abr 23, 2021",163,68,373,2142
"abr 24, 2021",156,11,103,1322
"abr 25, 2021",0,60,334,231
"abr 26, 2021",48,33,454,787
"abr 28, 2021",120,55,447,1588
"abr 29, 2021",171,67,316,2124
"abr 30, 2021",115,54,550,2451
"may 1, 2021",131,0,0,1189
"may 2, 2021",0,0,289,986
"may 3, 2021",233,58,548,2258
"may 4, 2021",147,81,558,2471
"may 5, 2021",112,334,530,2368
"may 6, 2021",168,74,573,2363
"may 7, 2021",203,0,655,2531
"may 8, 2021",83,28,264,2350
"may 9, 2021",0,0,182,1095
"may 10, 2021",175,55,669,2050
"may 11, 2021",121,76,768,2277
"may 12, 2021",113,98,750,2322
"may 14, 2021",100,173,847,2257
"may 15, 2021",65,25,298,1412
"may 16, 2021",0,0,0,617
"may 17, 2021",72,121,663,1526
"may 18, 2021",57,51,833,1781
"may 19, 2021",58,115,673,1930
"may 20, 2021",36,123,225,1464
"may 21, 2021",52,152,331,1191
"may 22, 2021",20,0,174,512
"may 23, 2021",0,0,0,56
"may 24, 2021",0,0,127,182
"may 25, 2021",0,0,65,246
"may 26, 2021",16,114,185,288
"may 27, 2021",30,60,350,766
"may 28, 2021",70,137,497,1146
"may 29, 2021",80,116,407,1188
"may 30, 2021",0,0,0,586
"may 31, 2021",75,152,695,1376
"jun 1, 2021",115,122,768,1905
"jun 2, 2021",64,176,729,1599
"jun 3, 2021",98,258,779,1890
"jun 4, 2021",105,217,799,2084
"jun 5, 2021",57,28,331,1882
"jun 6, 2021",0,0,0,783
"jun 7, 2021",103,279,590,1634
"jun 8, 2021",22,62,175,309
"jun 9, 2021",145,222,516,2729
"jun 10, 2021",104,223,474,2155
"jun 11, 2021",119,255,717,2094
"jun 12, 2021",42,166,201,1915
"jun 13, 2021",0,0,0,638
"jun 14, 2021",123,355,539,1688
"jun 15, 2021",105,322,551,2058
"jun 16, 2021",93,339,592,2206
"jun 17, 2021",141,361,618,1880
"jun 18, 2021",123,417,585,1372
"jun 19, 2021",29,182,182,1295
"jun 20, 2021",0,0,0,168
"jun 21, 2021",0,239,249,547
"jun 22, 2021",98,338,216,1000
"jun 23, 2021",87,391,304,1442
"jun 24, 2021",88,368,369,1659
"jun 25, 2021",79,217,342,1563
"jun 26, 2021",17,135,175,1435
"jun 27, 2021",0,0,0,590
"jun 28, 2021",25,274,318,1288
"jun 29, 2021",26,275,388,1651
"jun 30, 2021",59,184,436,1940
"jul 1, 2021",100,331,427,2633
"jul 2, 2021",101,284,442,2691
"jul 3, 2021",58,122,134,2083
"jul 4, 2021",0,0,0,1460
"jul 5, 2021",101,317,344,1925
"jul 6, 2021",111,212,420,2190
"jul 7, 2021",115,184,458,2284
"jul 8, 2021",114,167,477,1842
"jul 9, 2021",13,0,155,1832
"jul 10, 2021",19,52,265,1817
"jul 11, 2021",0,0,0,1115
"jul 12, 2021",81,397,473,2456
"jul 13, 2021",55,207,693,2755
"jul 14, 2021",106,244,779,2739
"jul 15, 2021",72,244,803,2864
"jul 16, 2021",67,258,817,2290
"jul 17, 2021",48,161,417,1924
"jul 18, 2021",0,0,0,1141
"jul 19, 2021",111,434,641,2111
"jul 20, 2021",147,332,637,2026
"jul 21, 2021",147,404,1006,1622
"jul 22, 2021",198,540,1024,1695
"jul 23, 2021",113,592,1037,2543
"jul 24, 2021",28,277,522,1600
"jul 25, 2021",0,0,0,900
"jul 26, 2021",125,383,945,1640
"jul 27, 2021",63,394,962,1868
"jul 28, 2021",102,376,940,2295
"jul 29, 2021",113,382,738,2127
"jul 30, 2021",100,0,0,2092
"jul 31, 2021",58,0,0,1362
"ago 1, 2021",0,0,0,242
"ago 2, 2021",86,0,0,1103
"ago 3, 2021",52,0,0,1785
"ago 4, 2021",82,319,0,1616
"ago 5, 2021",118,554,0,1775
"ago 6, 2021",157,647,1243,1931
"ago 7, 2021",107,447,724,1457
"ago 8, 2021",0,0,0,688
"ago 9, 2021",213,488,1142,1006
"ago 10, 2021",91,548,1033,1215
"ago 11, 2021",56,558,890,1176
"ago 12, 2021",88,552,907,1546
"ago 13, 2021",88,636,944,1435
"ago 14, 2021",65,282,493,1367
"ago 15, 2021",0,0,0,549
"ago 16, 2021",0,0,556,527
"ago 17, 2021",132,384,559,885
"ago 18, 2021",154,523,947,1388
"ago 19, 2021",132,459,689,1845
"ago 20, 2021",38,268,989,1602
"ago 21, 2021",53,162,380,1442
"ago 22, 2021",0,0,0,514
"ago 23, 2021",83,235,897,912
"ago 24, 2021",104,253,963,1144
"ago 25, 2021",91,354,1142,1473
"ago 26, 2021",106,356,1185,1525
"ago 27, 2021",174,328,1206,1597
"ago 28, 2021",67,148,602,1440
"ago 29, 2021",0,0,0,347
"ago 30, 2021",150,463,384,1005
"ago 31, 2021",73,516,763,1167
"sep 1, 2021",159,503,903,1603
"sep 2, 2021",60,350,961,1597
"sep 3, 2021",102,327,1126,1231
"sep 4, 2021",21,191,843,909
"sep 5, 2021",0,0,0,175
"sep 6, 2021",89,297,830,653
"sep 7, 2021",97,362,986,883
"sep 8, 2021",80,418,818,1087
"sep 9, 2021",84,136,639,1109
"sep 10, 2021",139,158,671,1383
"sep 11, 2021",91,0,495,863
"sep 12, 2021",0,0,0,190
"sep 13, 2021",79,162,696,749
"sep 14, 2021",84,358,1108,967
"sep 15, 2021",131,408,1231,1273
"sep 16, 2021",102,450,1242,1267
"sep 17, 2021",98,450,1282,1323
"sep 18, 2021",44,221,985,1152
"sep 19, 2021",0,0,0,294
"sep 20, 2021",60,360,897,614
"sep 21, 2021",39,429,991,1056
"sep 22, 2021",62,413,1190,1335
"sep 23, 2021",47,403,1109,1404
"sep 24, 2021",70,375,1116,1606
"sep 25, 2021",30,126,556,1063
"sep 26, 2021",,,,242
"sep 27, 2021",64,281,730,949
"sep 28, 2021",82,285,756,1456
"sep 29, 2021",78,379,815,1412
"sep 30, 2021",58,331,1171,1444
"oct 1, 2021",73,160,714,1630
"oct 2, 2021",45,51,423,1063
"oct 3, 2021",0,0,0,267
"oct 4, 2021",41,37,1020,863
"oct 5, 2021",80,270,1056,1342
"oct 6, 2021",101,249,1199,1569
"oct 7, 2021",173,207,1071,1411
"oct 8, 2021",98,0,927,1001
"oct 9, 2021",79,0,501,625
"oct 10, 2021",0,0,0,80
"oct 11, 2021",0,0,220,115
"oct 12, 2021",149,150,656,829
"oct 13, 2021",108,328,1078,1374
"oct 14, 2021",80,347,1167,1147
"oct 15, 2021",93,295,1037,1038
"oct 16, 2021",51,64,343,798
"oct 17, 2021",0,0,0,168
"oct 18, 2021",85,107,780,738
"oct 19, 2021",53,191,935,1114
"oct 20, 2021",83,214,1072,1351
"oct 21, 2021",74,203,1025,1042
"oct 22, 2021",82,222,919,1109
"oct 23, 2021",27,21,428,510
"oct 25, 2021",60,52,744,590
"oct 26, 2021",100,80,853,780
"oct 27, 2021",97,78,847,690
"oct 28, 2021",83,63,1001,1112
"oct 29, 2021",119,53,940,1058
"oct 30, 2021",10,0,332,845
"oct 31, 2021",0,0,0,248
"nov 1, 2021",53,0,318,187
"nov 2, 2021",63,17,301,404
"nov 4, 2021",52,0,0,345
"nov 5, 2021",70,34,295,908
"nov 6, 2021",0,0,0,618
"nov 7, 2021",0,0,0,86
"nov 8, 2021",40,85,0,483
"nov 9, 2021",47,113,2,1022
"nov 10, 2021",35,123,5,752
"nov 11, 2021",48,113,83,707
"nov 12, 2021",56,111,208,1037
"nov 13, 2021",4,18,8,988
"nov 14, 2021",0,0,0,234
"nov 15, 2021",44,32,154,566
"nov 16, 2021",38,10,295,720
"nov 17, 2021",70,55,433,1033
"nov 18, 2021",34,43,241,742
"nov 19, 2021",43,56,237,966
"nov 20, 2021",8,0,0,827
"nov 21, 2021",0,0,0,236
"nov 22, 2021",60,0,0,649
"nov 23, 2021",75,32,293,495
"nov 24, 2021",58,102,359,757
"nov 25, 2021",74,80,481,623
"nov 26, 2021",66,80,492,767
"nov 27, 2021",16,0,159,500
"nov 29, 2021",48,38,261,469
"nov 30, 2021",48,62,257,705
"dic 1, 2021",55,19,124,689
"dic 2, 2021",73,189,135,837
"dic 3, 2021",66,166,205,860
"dic 4, 2021",6,0,61,834
"dic 5, 2021",0,0,0,112
"dic 6, 2021",26,52,147,318
"dic 7, 2021",17,77,383,699
"dic 8, 2021",0,0,277,730
"dic 9, 2021",50,143,297,730
"dic 10, 2021",19,50,307,567
"dic 11, 2021",0,0,182,333
"dic 13, 2021",61,49,181,225
"dic 14, 2021",28,66,265,456
"dic 15, 2021",50,87,215,474
"dic 16, 2021",74,139,290,666
"dic 17, 2021",41,76,269,1095
"dic 18, 2021",12,50,136,810
"dic 19, 2021",0,0,0,256
"dic 20, 2021",31,46,193,467
"dic 21, 2021",52,0,242,911
"dic 22, 2021",74,0,326,1003
"dic 23, 2021",92,0,305,1330
"dic 24, 2021",8,0,162,152
"dic 26, 2021",0,0,0,8
"dic 27, 2021",57,50,118,402
"dic 28, 2021",106,0,379,748
"dic 29, 2021",94,0,463,1037
"dic 31, 2021",9,0,40,153
"ene 2, 2022",0,0,0,7
"ene 3, 2022",82,0,283,436
"ene 4, 2022",98,0,583,720
"ene 5, 2022",104,0,680,748
"ene 6, 2022",84,24,708,833
"ene 7, 2022",62,0,617,910
"ene 9, 2022",0,0,0,74
"ene 10, 2022",59,11,345,681
"ene 11, 2022",40,18,325,859
"ene 12, 2022",75,8,501,851
"ene 13, 2022",67,17,576,801
"ene 14, 2022",63,11,561,903
"ene 15, 2022",9,0,331,543
"ene 16, 2022",0,0,0,226
"ene 17, 2022",65,6,349,265
"ene 18, 2022",79,13,242,632
"ene 19, 2022",61,2,236,624
"ene 20, 2022",43,11,180,548
"ene 21, 2022",40,21,269,569
"ene 23, 2022",0,0,0,190
"ene 24, 2022",20,15,142,552
"ene 25, 2022",15,22,199,638
"ene 26, 2022",18,16,342,472
"ene 27, 2022",31,21,397,563
"ene 28, 2022",38,19,439,782
"ene 29, 2022",6,0,318,407
"ene 31, 2022",20,4,309,498
"feb 2, 2022",88,67,553,970
"feb 3, 2022",111,74,482,1077
"feb 4, 2022",77,63,493,1125
"feb 5, 2022",0,50,90,512
"feb 6, 2022",0,0,0,89
"feb 7, 2022",47,2,296,478
"feb 8, 2022",76,2,408,733
"feb 9, 2022",81,2,408,922
"feb 10, 2022",88,1,320,888
"feb 12, 2022",52,0,242,581
"feb 14, 2022",48,4,164,269
"feb 15, 2022",128,98,327,683
"feb 16, 2022",102,12,263,753
"feb 17, 2022",115,17,441,973
"feb 18, 2022",110,16,461,811
"feb 19, 2022",78,34,185,631
"feb 21, 2022",107,57,572,601
"feb 22, 2022",110,38,215,952
"feb 23, 2022",119,73,548,763
"feb 24, 2022",120,211,717,1010
"feb 25, 2022",141,4,450,572
"feb 26, 2022",89,33,181,441
"mar 2, 2022",103,76,311,384
"mar 3, 2022",111,120,507,960
"mar 4, 2022",133,118,454,1428
"mar 5, 2022",105,60,294,1270
"mar 6, 2022",0,0,0,200
"mar 7, 2022",156,65,317,385
"mar 8, 2022",180,21,182,696
"mar 9, 2022",170,32,305,701
"mar 10, 2022",171,5,312,657
"mar 11, 2022",147,1,288,693
"mar 12, 2022",97,22,200,502
"mar 13, 2022",0,0,0,347
"mar 14, 2022",167,70,356,950
"mar 15, 2022",178,93,398,2031
"mar 16, 2022",302,107,528,2184
"mar 17, 2022",240,93,433,2775
"mar 18, 2022",308,72,445,2797
"mar 19, 2022",74,11,251,2315
"mar 21, 2022",160,83,416,1785
"mar 22, 2022",208,95,394,2286
"mar 23, 2022",197,113,590,2633
"mar 24, 2022",68,0,254,2415
"mar 25, 2022",128,80,197,1470
"mar 26, 2022",121,0,252,1588
"mar 27, 2022",0,0,0,642
"mar 28, 2022",133,25,455,1608
"mar 29, 2022",203,33,387,2295
"mar 30, 2022",225,82,419,2309
"mar 31, 2022",183,37,575,1993
"abr 1, 2022",198,2,619,2486
"abr 2, 2022",213,0,407,2234
"abr 4, 2022",245,59,570,1609
"abr 5, 2022",157,75,625,1773
"abr 6, 2022",168,116,671,1720
"abr 7, 2022",241,90,694,2277
"abr 8, 2022",243,164,700,2186
"abr 9, 2022",136,61,659,2282
"abr 10, 2022",0,0,0,1884
"abr 11, 2022",103,3,140,365
"abr 12, 2022",15,0,35,2
"abr 13, 2022",19,0,19,0
"abr 14, 2022",5,0,0,0
"abr 16, 2022",107,13,142,1000
"abr 17, 2022",0,0,111,1054
"abr 18, 2022",175,89,563,1355
"abr 19, 2022",134,106,663,1803
"abr 20, 2022",239,142,792,1764
"abr 21, 2022",184,162,1064,1919
"abr 22, 2022",151,155,947,1380
"abr 23, 2022",101,86,677,1603
"abr 25, 2022",219,177,949,1384
"abr 26, 2022",187,179,829,1523
"abr 27, 2022",228,343,1141,1684
"abr 28, 2022",164,190,1107,1691
"abr 29, 2022",155,138,1123,1666
"abr 30, 2022",77,42,646,1762
"may 1, 2022",0,0,0,715
"may 2, 2022",106,110,624,1156
"may 3, 2022",136,94,459,1823
"may 4, 2022",137,104,529,2070
"may 5, 2022",167,83,632,2134
"may 6, 2022",139,104,689,1949
"may 7, 2022",159,97,674,2209
"may 8, 2022",0,0,0,723
"may 9, 2022",164,112,623,838
"may 10, 2022",170,76,899,1494
"may 11, 2022",202,133,1054,1397
"may 12, 2022",139,146,1078,1460
"may 13, 2022",133,153,1048,1494
"may 14, 2022",102,56,536,1055
"may 15, 2022",0,0,356,334
"may 16, 2022",99,127,379,699
"may 17, 2022",161,119,428,1423
"may 18, 2022",46,0,480,849
"may 19, 2022",124,16,485,1057
"may 20, 2022",159,89,571,1370
"may 21, 2022",116,95,657,1339
"may 22, 2022",0,0,363,273
"may 24, 2022",143,162,703,1439
"may 25, 2022",0,0,26,918
"may 26, 2022",116,148,791,971
"may 27, 2022",73,208,887,1314
"may 28, 2022",58,31,303,1264
"may 29, 2022",0,0,1,347
"may 30, 2022",67,62,256,903
"may 31, 2022",42,98,470,1173
"jun 1, 2022",87,102,469,1211
"jun 2, 2022",102,121,478,1156
"jun 3, 2022",90,160,840,1259
"jun 4, 2022",23,106,494,1187
"jun 5, 2022",0,0,181,317
"jun 6, 2022",89,226,353,738
"jun 7, 2022",63,203,442,1374
"jun 8, 2022",109,175,654,1316
"jun 9, 2022",110,244,935,1495
"jun 10, 2022",70,272,988,1723
"jun 11, 2022",41,97,533,1677
"jun 14, 2022",88,226,827,1546
"jun 15, 2022",105,277,965,1773
"jun 16, 2022",83,260,1035,1763
"jun 17, 2022",22,0,574,1491
"jun 18, 2022",47,1,557,1282
"jun 19, 2022",0,0,89,311
"jun 20, 2022",0,0,0,408
"jun 21, 2022",95,68,575,824
"jun 22, 2022",89,123,383,1144
"jun 23, 2022",87,119,409,192
"jun 24, 2022",93,110,735,395
"jun 25, 2022",77,3,504,1291
"jun 26, 2022",0,0,129,522
"jun 27, 2022",79,0,508,894
"jun 28, 2022",63,0,2,272
"jun 29, 2022",30,0,0,462
"jun 30, 2022",20,0,0,1001
"jul 1, 2022",59,26,135,1725
"jul 2, 2022",57,93,459,1513
"jul 4, 2022",92,294,934,1064
"jul 5, 2022",69,256,1029,1537
"jul 6, 2022",109,303,1085,1713
"jul 7, 2022",79,236,911,1378
"jul 8, 2022",131,372,1112,2699
"jul 9, 2022",76,0,624,2161
"jul 10, 2022",0,0,566,876
"jul 11, 2022",105,237,765,1557
"jul 12, 2022",121,238,1079,2185
"jul 13, 2022",111,310,1171,2132
"jul 14, 2022",56,354,1056,2428
"jul 15, 2022",187,375,1120,2637
"jul 16, 2022",58,129,635,2397
"jul 17, 2022",,,,741
"jul 18, 2022",120,85,745,1504
"jul 19, 2022",135,282,961,2134
"jul 20, 2022",174,250,941,2438
"jul 21, 2022",194,408,843,2598
"jul 22, 2022",93,398,881,2877
"jul 23, 2022",60,84,267,2314
"jul 24, 2022",0,0,216,845
"jul 25, 2022",92,487,887,1558
"jul 26, 2022",86,423,890,1354
"jul 27, 2022",81,385,871,1172
"jul 28, 2022",75,206,831,1093
"jul 29, 2022",63,107,755,1343
"jul 30, 2022",45,0,429,1508
"jul 31, 2022",0,0,0,422
"ago 1, 2022",99,83,516,1241
"ago 2, 2022",95,40,677,2132
"ago 3, 2022",129,0,919,2188
"ago 4, 2022",138,19,959,2191
"ago 5, 2022",133,408,1080,1648
"ago 6, 2022",74,124,509,1431
"ago 8, 2022",158,164,807,1391
"ago 9, 2022",114,250,748,1144
"ago 10, 2022",116,277,602,1307
"ago 11, 2022",199,293,512,1297
"ago 12, 2022",200,248,1039,1555
"ago 13, 2022",136,54,642,1125
"ago 15, 2022",0,0,0,354
"ago 16, 2022",147,191,950,1150
"ago 17, 2022",239,328,1223,1725
"ago 18, 2022",211,355,1196,1686
"ago 19, 2022",205,313,1342,1648
"ago 20, 2022",110,35,726,1550
"ago 22, 2022",140,210,1204,926
"ago 23, 2022",154,377,1319,1097
"ago 24, 2022",181,403,1438,1270
"ago 25, 2022",179,427,1398,1026
"ago 26, 2022",172,503,1384,822
"ago 27, 2022",6,37,385,814
"ago 28, 2022",0,0,0,139
"ago 29, 2022",64,190,578,622
"ago 30, 2022",74,266,660,663
"ago 31, 2022",64,387,634,772
"sep 1, 2022",78,392,651,1056
"sep 2, 2022",51,305,613,1208
"sep 3, 2022",0,1,251,1147
"sep 4, 2022",0,0,0,153
"sep 5, 2022",57,179,431,548
"sep 6, 2022",64,101,270,998
"sep 7, 2022",60,121,467,1086
"sep 8, 2022",88,0,416,1188
"sep 9, 2022",95,47,203,1031
"sep 10, 2022",22,0,79,718
"sep 12, 2022",47,0,564,369
"sep 13, 2022",62,35,630,634
"sep 14, 2022",54,43,787,790
"sep 15, 2022",58,28,831,767
"sep 16, 2022",68,132,786,734
"sep 17, 2022",7,143,75,446
"sep 18, 2022",0,0,0,82
"sep 19, 2022",51,2,460,441
"sep 20, 2022",73,77,0,632
"sep 21, 2022",78,1,571,777
"sep 22, 2022",61,127,563,690
"sep 23, 2022",47,161,568,730
"sep 24, 2022",21,206,5,502
"sep 25, 2022",0,0,0,88
"sep 26, 2022",46,41,149,342
"sep 27, 2022",50,161,233,462
"sep 28, 2022",71,106,426,569
"sep 29, 2022",81,9,385,571
"sep 30, 2022",46,0,0,518
"oct 1, 2022",80,244,198,536
"oct 3, 2022",71,82,406,445
"oct 4, 2022",95,186,497,445
"oct 5, 2022",119,179,566,469
"oct 6, 2022",151,158,369,398
"oct 7, 2022",41,56,128,370
"oct 8, 2022",75,1,48,272
"oct 9, 2022",0,0,0,24
"oct 10, 2022",0,0,0,34
"oct 11, 2022",82,124,260,169
"oct 12, 2022",115,184,446,427
"oct 13, 2022",84,235,438,452
"oct 14, 2022",88,339,468,393
"oct 15, 2022",78,2,239,336
"oct 17, 2022",76,230,298,366
"oct 18, 2022",77,269,365,584
"oct 19, 2022",58,274,505,800
"oct 20, 2022",106,344,549,655
"oct 21, 2022",117,309,252,499
"oct 22, 2022",45,0,101,438
"oct 23, 2022",0,0,0,53
"oct 24, 2022",82,154,107,291
"oct 25, 2022",42,188,153,489
"oct 26, 2022",81,187,401,503
"oct 27, 2022",70,181,331,595
"oct 28, 2022",82,216,351,618
"oct 29, 2022",30,0,16,287
"oct 31, 2022",17,211,181,552
"nov 1, 2022",52,235,129,466
"nov 2, 2022",69,238,177,627
"nov 3, 2022",82,204,235,640
"nov 4, 2022",79,192,219,365
"nov 5, 2022",2,0,1,421
"nov 7, 2022",67,82,89,486
"nov 8, 2022",39,82,67,459
"nov 9, 2022",55,97,314,533
"nov 10, 2022",49,108,397,651
"nov 11, 2022",64,92,402,435
"nov 12, 2022",7,30,0,340
"nov 14, 2022",78,127,71,393
"nov 15, 2022",64,143,378,400
"nov 16, 2022",40,210,381,427
"nov 17, 2022",92,197,449,557
"nov 18, 2022",67,191,430,476
"nov 19, 2022",6,0,0,341
"nov 22, 2022",46,24,197,156
"nov 23, 2022",56,118,347,443
"nov 24, 2022",79,138,499,673
"nov 25, 2022",104,131,457,663
"nov 26, 2022",2,1,0,619
"nov 28, 2022",58,102,277,323
"nov 29, 2022",6,127,223,502
"nov 30, 2022",0,119,254,496
"dic 1, 2022",54,54,125,457
"dic 2, 2022",66,132,174,493
"dic 3, 2022",28,0,9,292
"dic 5, 2022",55,120,149,375
"dic 6, 2022",37,135,209,488
"dic 7, 2022",46,156,241,378
"dic 8, 2022",14,0,56,427
"dic 9, 2022",0,0,8,116
"dic 10, 2022",17,0,0,157
"dic 12, 2022",61,28,27,289
"dic 13, 2022",12,89,30,429
"dic 14, 2022",57,82,35,383
"dic 15, 2022",50,56,37,401
"dic 16, 2022",49,62,41,421
"dic 17, 2022",2,0,3,458
"dic 19, 2022",68,56,69,194
"dic 20, 2022",14,49,66,420
"dic 21, 2022",10,19,34,483
"dic 22, 2022",50,64,91,388
"dic 23, 2022",43,35,107,458
"dic 24, 2022",0,0,0,29
"dic 26, 2022",41,6,66,94
"dic 27, 2022",38,17,271,298
"dic 28, 2022",39,41,168,442
"dic 29, 2022",30,16,385,464
"dic 30, 2022",22,6,8,368
"dic 31, 2022",0,2,20,21
"ene 2, 2023",7,3,74,88
"ene 3, 2023",37,18,57,209
"ene 4, 2023",55,17,158,241
"ene 5, 2023",73,24,140,347
"ene 6, 2023",55,18,200,299
"ene 7, 2023",24,0,23,253
"ene 9, 2023",54,51,168,247
"ene 10, 2023",67,59,247,293
"ene 11, 2023",95,73,232,245
"ene 12, 2023",109,81,220,256
"ene 13, 2023",51,112,122,240
"ene 14, 2023",25,24,1,96
"ene 16, 2023",70,62,42,147
"ene 17, 2023",69,62,119,188
"ene 18, 2023",79,82,123,251
"ene 19, 2023",82,103,132,169
"ene 20, 2023",83,104,128,217
"ene 21, 2023",1,0,2,149
"ene 23, 2023",61,67,27,172
"ene 24, 2023",68,160,89,193
"ene 25, 2023",44,140,95,220
"ene 26, 2023",53,127,86,250
"ene 27, 2023",79,122,108,194
"ene 28, 2023",33,0,10,49
"ene 30, 2023",63,32,54,103
"ene 31, 2023",42,60,62,261
"feb 1, 2023",61,62,73,323
"feb 2, 2023",89,89,139,246
"feb 3, 2023",76,83,140,290
"feb 4, 2023",21,0,28,199
"feb 6, 2023",88,95,236,274
"feb 7, 2023",71,129,268,395
"feb 8, 2023",102,122,216,420
"feb 9, 2023",152,119,248,461
"feb 10, 2023",128,134,283,413
"feb 11, 2023",36,80,82,226
"feb 13, 2023",107,124,96,153
"feb 14, 2023",68,150,119,295
"feb 15, 2023",111,146,126,266
"feb 16, 2023",101,165,140,374
"feb 17, 2023",95,139,105,270
"feb 18, 2023",0,42,2,83
"feb 22, 2023",66,129,32,220
"feb 23, 2023",73,141,33,326
"feb 24, 2023",54,136,29,414
"feb 25, 2023",1,0,8,260
"feb 27, 2023",76,33,71,549
"feb 28, 2023",32,22,224,458
"mar 1, 2023",88,56,239,524
"mar 2, 2023",87,176,343,642
"mar 3, 2023",46,165,334,606
"mar 4, 2023",0,0,0,0
"mar 6, 2023",64,243,284,545
"mar 7, 2023",77,235,194,595
"mar 8, 2023",75,247,365,606
"mar 9, 2023",99,255,191,686
"mar 10, 2023",133,99,231,809
"mar 11, 2023",30,0,50,545
"mar 13, 2023",102,143,224,690
"mar 14, 2023",102,142,253,829
"mar 15, 2023",83,142,281,794
"mar 16, 2023",93,138,259,800
"mar 17, 2023",70,142,298,928
"mar 18, 2023",20,0,16,672
"mar 20, 2023",88,101,240,835
"mar 21, 2023",81,130,231,782
"mar 22, 2023",76,152,261,591
"mar 23, 2023",58,143,295,493
"mar 24, 2023",1,0,30,308
"mar 25, 2023",28,16,77,352
"mar 27, 2023",82,121,218,354
"mar 28, 2023",47,124,185,509
"mar 29, 2023",38,145,237,797
"mar 30, 2023",55,152,253,981
"mar 31, 2023",5,0,56,871
"abr 3, 2023",117,101,184,788
"abr 4, 2023",79,132,249,753
"abr 5, 2023",71,165,249,911
"abr 6, 2023",65,19,95,734
"abr 7, 2023",0,0,0,520
"abr 8, 2023",0,19,0,65
"abr 9, 2023",0,0,0,233
"abr 10, 2023",93,162,127,533
"abr 16, 2023",0,0,0,137
"abr 20, 2023",88,58,416,711
"abr 21, 2023",71,74,529,548
"abr 22, 2023",36,0,187,765
"abr 24, 2023",145,0,396,379
"abr 25, 2023",97,1,164,343
"abr 26, 2023",73,80,413,609
"abr 27, 2023",88,111,298,686
"abr 28, 2023",94,118,436,584
"abr 29, 2023",23,1,28,566
"may 2, 2023",70,76,242,466
"may 3, 2023",38,124,287,682
"may 4, 2023",56,103,397,536
"may 5, 2023",0,2,101,493
"may 8, 2023",66,76,143,322
"may 9, 2023",41,88,359,548
"may 10, 2023",38,69,304,716
"may 11, 2023",20,39,267,809
"may 12, 2023",38,39,286,835
"may 13, 2023",17,0,81,612
"may 15, 2023",41,6,206,554
"may 16, 2023",64,19,370,844
"may 17, 2023",72,55,413,947
"may 18, 2023",89,78,212,829
"may 19, 2023",95,83,199,701
"may 20, 2023",0,97,129,493
"may 22, 2023",35,83,210,352
"may 23, 2023",37,83,225,507
"may 24, 2023",32,105,252,474
"may 25, 2023",0,0,63,433
"may 26, 2023",0,0,0,219
"may 27, 2023",45,15,32,147
"may 29, 2023",20,33,213,187
"may 30, 2023",28,73,318,431
"may 31, 2023",2,89,441,559
"jun 1, 2023",93,34,534,599
"jun 2, 2023",125,68,472,792
"jun 3, 2023",41,50,123,690
"jun 5, 2023",104,44,356,623
"jun 6, 2023",94,54,385,665
"jun 7, 2023",112,42,438,622
"jun 8, 2023",82,56,510,757
"jun 9, 2023",86,86,451,747
"jun 10, 2023",26,68,181,438
"jun 12, 2023",99,74,543,605
"jun 13, 2023",17,123,499,736
"jun 14, 2023",49,76,496,863
"jun 15, 2023",84,111,629,1105
"jun 16, 2023",99,126,713,1265
"jun 17, 2023",9,0,194,1062
"jun 21, 2023",49,157,295,817
"jun 22, 2023",43,173,343,765
"jun 23, 2023",91,244,457,740
"jun 24, 2023",34,162,116,655
"jun 26, 2023",73,183,281,669
"jun 27, 2023",73,193,353,816
"jun 28, 2023",79,200,476,808
"jun 29, 2023",85,207,525,1107
"jun 30, 2023",84,223,562,845
"jul 1, 2023",107,99,227,1043
"jul 3, 2023",118,97,558,1221
"jul 4, 2023",98,161,428,1292
"jul 5, 2023",101,113,376,1279
"jul 6, 2023",115,116,498,1388
"jul 7, 2023",66,127,576,1185
"jul 8, 2023",34,35,267,1104
"jul 9, 2023",,,,397
"jul 10, 2023",58,96,314,719
"jul 11, 2023",67,156,301,637
"jul 12, 2023",43,113,280,545
"jul 13, 2023",76,90,310,447
"jul 14, 2023",21,122,280,486
"jul 15, 2023",38,88,319,481
"jul 17, 2023",37,142,180,725
"jul 18, 2023",61,192,294,831
"jul 19, 2023",55,158,273,683
"jul 20, 2023",66,144,296,933
"jul 21, 2023",14,233,324,1109
"jul 22, 2023",1,171,130,1059
"jul 24, 2023",43,147,337,1412
"jul 25, 2023",71,200,437,1616
"jul 26, 2023",72,286,461,1522
"jul 27, 2023",62,307,581,1988
"jul 28, 2023",112,269,675,2538
"jul 29, 2023",38,191,444,2462
"jul 31, 2023",81,235,727,1903
"ago 1, 2023",132,344,791,2090
"ago 2, 2023",151,322,849,2701
"ago 3, 2023",100,285,741,2929
"ago 4, 2023",107,297,909,2926
"ago 5, 2023",93,176,385,2265
"ago 7, 2023",118,16,158,1797
"ago 8, 2023",86,411,718,2060
"ago 9, 2023",121,486,765,2195
"ago 10, 2023",128,488,742,2070
"ago 11, 2023",104,430,768,2081
"ago 12, 2023",34,61,306,2050
"ago 14, 2023",91,207,453,847
"ago 15, 2023",78,326,676,1043
"ago 16, 2023",104,337,673,1700
"ago 17, 2023",110,334,666,1831
"ago 18, 2023",66,383,561,1677
"ago 19, 2023",29,0,198,1180
"ago 22, 2023",51,117,346,633
"ago 23, 2023",48,4,385,1014
"ago 24, 2023",57,262,562,1498
"ago 25, 2023",70,310,636,1598
"ago 26, 2023",46,172,191,1185
"ago 28, 2023",62,236,514,721
"ago 29, 2023",78,95,494,1081
"ago 30, 2023",90,254,640,1180
"ago 31, 2023",61,353,632,1139
"sep 1, 2023",71,194,589,1031
"sep 2, 2023",52,234,220,577
"sep 4, 2023",51,532,198,435
"sep 5, 2023",41,565,355,472
"sep 6, 2023",56,510,346,507
"sep 7, 2023",31,548,337,705
"sep 8, 2023",58,400,331,837
"sep 9, 2023",46,156,46,410
"sep 11, 2023",44,211,310,510
"sep 12, 2023",50,229,311,459
"sep 13, 2023",61,323,383,735
"sep 14, 2023",40,292,350,837
"sep 15, 2023",37,231,355,938
"sep 16, 2023",13,74,1,327
"sep 18, 2023",32,217,308,447
"sep 19, 2023",23,272,308,548
"sep 20, 2023",28,263,388,594
"sep 21, 2023",30,258,379,576
"sep 22, 2023",43,267,405,631
"sep 23, 2023",18,0,101,353
"sep 25, 2023",36,211,287,647
"sep 26, 2023",24,258,342,462
"sep 27, 2023",23,206,399,467
"sep 28, 2023",37,207,411,722
"sep 29, 2023",57,195,397,739
"sep 30, 2023",0,12,77,236
"oct 2, 2023",22,142,178,380
"oct 3, 2023",14,193,154,440
"oct 4, 2023",7,200,128,223
"oct 5, 2023",24,184,164,809
"oct 6, 2023",42,211,201,752
"oct 7, 2023",6,0,34,248
"oct 9, 2023",32,49,75,320
"oct 10, 2023",17,93,147,340
"oct 11, 2023",6,122,143,295
"oct 12, 2023",18,51,151,289
"oct 13, 2023",0,0,78,72
"oct 14, 2023",2,10,18,73
"oct 16, 2023",0,0,0,5
"oct 17, 2023",8,49,79,146
"oct 18, 2023",30,228,71,268
"oct 19, 2023",76,281,91,203
"oct 20, 2023",69,277,43,269
"oct 21, 2023",0,89,4,81
"oct 23, 2023",60,187,32,86
"oct 24, 2023",22,198,139,127
"oct 25, 2023",14,222,194,114
"oct 26, 2023",19,221,216,155
"oct 27, 2023",28,234,197,200
"oct 28, 2023",27,1,0,108
"oct 30, 2023",78,3,55,201
"oct 31, 2023",44,190,65,312
"nov 1, 2023",51,190,110,353
"nov 2, 2023",63,168,99,238
"nov 3, 2023",14,65,56,132
"nov 4, 2023",35,35,4,79
"nov 6, 2023",63,71,151,178
"nov 7, 2023",48,217,173,253
"nov 8, 2023",35,211,186,209
"nov 9, 2023",103,245,247,338
"nov 10, 2023",90,367,236,279
"nov 11, 2023",33,130,1,166
"nov 13, 2023",66,113,71,89
"nov 14, 2023",17,172,56,244
"nov 15, 2023",42,275,113,270
"nov 16, 2023",45,230,100,315
"nov 17, 2023",33,250,123,275
"nov 18, 2023",5,0,0,164
"nov 21, 2023",14,97,67,160
"nov 22, 2023",45,215,99,160
"nov 23, 2023",38,253,109,257
"nov 24, 2023",48,240,118,247
"nov 25, 2023",6,1,3,131
"nov 27, 2023",37,89,141,144
"nov 28, 2023",42,152,219,154
"nov 29, 2023",69,188,216,158
"nov 30, 2023",19,71,183,160
"dic 1, 2023",70,88,161,190
"dic 2, 2023",15,0,83,127
"dic 4, 2023",43,87,44,153
"dic 5, 2023",53,91,37,146
"dic 6, 2023",19,155,84,157
"dic 7, 2023",48,90,92,155
"dic 8, 2023",15,0,0,107
"dic 9, 2023",8,0,2,78
"dic 11, 2023",15,40,53,225
"dic 12, 2023",0,43,56,345
"dic 13, 2023",0,40,52,300
"dic 14, 2023",17,45,38,344
"dic 15, 2023",32,46,102,347
"dic 16, 2023",25,0,0,246
"dic 18, 2023",18,0,0,237
"dic 19, 2023",23,0,0,339
"dic 20, 2023",35,0,0,257
"dic 21, 2023",44,14,9,356
"dic 22, 2023",47,54,0,497
"dic 23, 2023",17,0,0,327
"dic 26, 2023",8,28,0,140
"dic 27, 2023",24,23,131,468
"dic 28, 2023",21,9,144,738
"dic 29, 2023",51,35,136,556
"dic 30, 2023",8,0,3,322
"ene 2, 2024",40,58,63,182
"ene 3, 2024",24,96,87,526
"ene 4, 2024",25,50,71,449
"ene 5, 2024",42,56,120,746
"ene 6, 2024",34,19,3,694
"ene 8, 2024",25,53,190,434
"ene 9, 2024",27,70,68,609
"ene 10, 2024",37,77,80,890
"ene 11, 2024",44,88,68,791
"ene 12, 2024",78,78,65,858
"ene 13, 2024",20,44,0,609
"ene 14, 2024",0,0,0,32
"ene 15, 2024",36,108,195,394
"ene 16, 2024",45,115,193,724
"ene 17, 2024",15,80,218,719
"ene 18, 2024",36,104,171,735
"ene 19, 2024",40,118,223,676
"ene 20, 2024",14,39,32,465
"ene 21, 2024",0,0,0,105
"ene 22, 2024",33,199,64,588
"ene 23, 2024",47,123,189,701
"ene 24, 2024",4,75,123,202
"ene 25, 2024",34,291,192,682
"ene 26, 2024",29,254,251,1151
"ene 29, 2024",18,140,150,585
"ene 30, 2024",8,13,59,939
"ene 31, 2024",19,136,108,760
"feb 1, 2024",18,151,212,798
"feb 2, 2024",25,160,249,783
"feb 3, 2024",8,53,84,623
"feb 5, 2024",34,129,164,498
"feb 6, 2024",25,134,205,850
"feb 7, 2024",26,104,246,1018
"feb 8, 2024",41,105,267,1103
"feb 9, 2024",36,163,234,850
"feb 10, 2024",1,64,42,699
"feb 13, 2024",0,0,0,144
"feb 14, 2024",26,26,137,243
"feb 15, 2024",14,264,199,637
"feb 16, 2024",54,251,250,903
"feb 17, 2024",11,41,58,927
"feb 19, 2024",44,137,127,655
"feb 20, 2024",42,164,250,1009
"feb 21, 2024",85,171,239,881
"feb 22, 2024",101,191,260,1125
"feb 23, 2024",161,239,191,1014
"feb 24, 2024",92,4,99,689
"feb 26, 2024",182,287,208,476
"feb 27, 2024",132,279,256,508
"feb 28, 2024",137,285,326,677
"feb 29, 2024",124,361,401,618
"mar 1, 2024",84,170,239,630
"mar 2, 2024",122,0,115,537
"mar 3, 2024",0,0,0,182
"mar 4, 2024",73,249,164,498
"mar 5, 2024",125,263,181,742
"mar 6, 2024",147,276,245,836
"mar 7, 2024",158,91,258,1386
"mar 8, 2024",209,229,219,1796
"mar 9, 2024",115,103,58,1280
"mar 10, 2024",,,,821
"mar 11, 2024",107,186,170,1067
"mar 12, 2024",87,228,170,1438
"mar 13, 2024",58,8,195,1463
"mar 14, 2024",83,191,207,1805
"mar 15, 2024",42,387,275,1757
"mar 16, 2024",26,143,50,1245
"mar 17, 2024",0,0,0,691
"mar 18, 2024",48,193,226,715
"mar 19, 2024",20,247,239,993
"mar 20, 2024",36,295,266,1338
"mar 21, 2024",75,207,159,1256
"mar 22, 2024",58,116,216,1462
"mar 23, 2024",69,17,83,1341
"mar 25, 2024",194,185,273,2181
"mar 26, 2024",141,246,328,2835
"mar 27, 2024",163,226,481,3477
"mar 28, 2024",280,120,356,3973
"mar 29, 2024",296,0,143,4486
"mar 30, 2024",256,143,222,3190
"mar 31, 2024",0,0,0,1968
"abr 1, 2024",0,0,70,1944
"abr 2, 2024",107,0,293,1980
"abr 3, 2024",283,152,556,2303
"abr 4, 2024",124,203,686,2598
"abr 5, 2024",205,266,920,2315
"abr 6, 2024",206,63,745,1942
"abr 7, 2024",0,0,0,1191
"abr 8, 2024",262,192,1044,1637
"abr 9, 2024",234,257,932,1695
"abr 10, 2024",262,228,966,1772
"abr 11, 2024",314,288,963,2169
"abr 12, 2024",350,177,953,2015
"abr 13, 2024",142,73,567,1645
"abr 14, 2024",0,0,0,375
"abr 15, 2024",79,63,811,644
"abr 16, 2024",97,161,519,668
"abr 17, 2024",64,97,405,703
"abr 18, 2024",153,162,591,972
"abr 19, 2024",149,159,691,905
"abr 20, 2024",47,0,593,685
"abr 22, 2024",40,146,609,780
"abr 23, 2024",53,111,441,936
"abr 24, 2024",36,87,482,878
"abr 25, 2024",14,54,395,1127
"abr 26, 2024",24,79,467,1233
"abr 27, 2024",81,35,383,1193
"abr 29, 2024",56,77,459,635
"abr 30, 2024",23,80,437,191
"may 1, 2024",0,0,232,51
"may 2, 2024",77,128,517,1090
"may 3, 2024",104,175,446,1026
"may 4, 2024",19,135,378,927
"may 5, 2024",0,0,0,929
"may 6, 2024",27,105,397,848
"may 7, 2024",24,83,451,1141
"may 8, 2024",67,53,538,1367
"may 9, 2024",60,0,0,0
"may 10, 2024",68,31,760,657
"may 11, 2024",25,0,524,1504
"may 12, 2024",33,0,0,640
"may 13, 2024",43,0,598,899
"may 14, 2024",4,2,611,1239
"may 15, 2024",45,7,731,1275
"may 16, 2024",38,39,768,1454
"may 17, 2024",31,94,782,1071
"may 18, 2024",2,23,559,1282
"may 20, 2024",72,0,347,1292
"may 21, 2024",28,84,344,1450
"may 22, 2024",71,101,377,1494
"may 23, 2024",95,135,457,1602
"may 24, 2024",80,128,496,1102
"may 25, 2024",0,0,265,1164
"may 26, 2024",0,0,0,551
"may 27, 2024",75,116,423,849
"may 28, 2024",87,75,391,1145
"may 29, 2024",97,99,568,1324
"may 30, 2024",55,130,595,1614
"may 31, 2024",80,130,516,1815
"jun 1, 2024",84,42,340,1364
"jun 3, 2024",55,84,444,946
"jun 4, 2024",61,86,262,1335
"jun 5, 2024",27,78,340,1406
"jun 6, 2024",60,99,461,1639
"jun 7, 2024",83,105,159,1720
"jun 8, 2024",35,64,112,1238
"jun 10, 2024",113,132,58,702
"jun 11, 2024",59,178,227,1445
"jun 12, 2024",47,223,293,1200
"jun 13, 2024",85,262,550,1598
"jun 14, 2024",90,283,265,1848
"jun 15, 2024",41,158,87,1632
"jun 18, 2024",109,239,502,921
"jun 19, 2024",97,281,551,1288
"jun 20, 2024",40,0,69,1392
"jun 21, 2024",0,153,0,1132
"jun 22, 2024",43,103,361,890
"jun 24, 2024",22,206,109,454
"jun 25, 2024",51,195,228,871
"jun 26, 2024",23,238,231,896
"jun 27, 2024",127,200,247,1221
"jun 28, 2024",106,180,192,857
"jun 29, 2024",16,25,153,1641
"jul 1, 2024",91,217,335,1129
"jul 2, 2024",108,228,341,1937
"jul 3, 2024",78,220,330,2365
"jul 4, 2024",106,239,499,2826
"jul 5, 2024",134,311,590,2652
"jul 6, 2024",79,114,342,2365
"jul 8, 2024",127,269,487,2002
"jul 10, 2024",150,282,673,2238
"jul 11, 2024",140,204,699,2229
"jul 12, 2024",146,263,915,2049
"jul 13, 2024",60,149,698,2107
"jul 15, 2024",100,440,780,1195
"jul 16, 2024",121,460,825,1711
"jul 17, 2024",74,418,900,2131
"jul 18, 2024",85,529,942,2336
"jul 19, 2024",99,562,983,1725
"jul 20, 2024",23,287,336,1088
"jul 22, 2024",18,396,665,464
"jul 23, 2024",34,435,802,857
"jul 24, 2024",53,525,817,1082
"jul 25, 2024",48,605,827,850
"jul 26, 2024",57,643,794,1450
"jul 27, 2024",32,262,386,1013
"jul 29, 2024",81,423,689,960
"jul 30, 2024",66,518,670,1494
"jul 31, 2024",53,517,877,1428
"ago 1, 2024",74,597,690,1453
"ago 2, 2024",77,573,798,1297
"ago 3, 2024",34,152,466,993
"ago 5, 2024",62,435,487,516
"ago 6, 2024",53,513,568,894
"ago 7, 2024",13,310,498,336
"ago 8, 2024",33,260,380,407
"ago 9, 2024",1,212,286,390
"ago 10, 2024",1,0,3,133
"ago 12, 2024",28,67,151,351
"ago 13, 2024",93,197,171,698
"ago 14, 2024",125,244,291,1002
"ago 15, 2024",115,131,252,1448
"ago 16, 2024",115,173,239,1449
"ago 17, 2024",45,0,95,732
"ago 19, 2024",60,291,394,541
"ago 20, 2024",55,303,538,985
"ago 21, 2024",70,305,514,980
"ago 22, 2024",37,212,354,847
"ago 23, 2024",28,259,347,951
"ago 24, 2024",27,0,195,643
"ago 25, 2024",0,0,0,78
"ago 26, 2024",38,118,371,381
"ago 27, 2024",36,238,519,776
"ago 28, 2024",97,352,546,1013
"ago 29, 2024",119,404,378,1055
"ago 30, 2024",111,426,379,1181
"ago 31, 2024",10,113,33,576
"sep 1, 2024",,,,34
"sep 2, 2024",13,313,438,358
"sep 3, 2024",40,339,689,907
"sep 4, 2024",46,420,655,954
"sep 5, 2024",74,348,936,943
"sep 6, 2024",55,401,990,1047
"sep 7, 2024",25,34,112,695
"sep 8, 2024",,,,63
"sep 9, 2024",24,266,713,631
"sep 10, 2024",45,309,460,1227
"sep 11, 2024",54,295,492,1144
"sep 12, 2024",50,362,427,985
"sep 13, 2024",67,392,735,960
"sep 14, 2024",20,180,132,333
"sep 16, 2024",38,326,537,478
"sep 17, 2024",40,359,494,781
"sep 18, 2024",56,400,661,742
"sep 19, 2024",49,378,727,965
"sep 20, 2024",52,357,127,894
"sep 21, 2024",10,0,54,372
"sep 23, 2024",15,153,617,460
"sep 24, 2024",48,151,638,701
"sep 25, 2024",57,275,770,784
"sep 27, 2024",20,137,382,969
"sep 28, 2024",9,0,207,455
"sep 30, 2024",9,0,383,432
"oct 1, 2024",63,0,521,558
"oct 2, 2024",54,230,650,794
"oct 3, 2024",106,288,689,807
"oct 4, 2024",85,346,721,874
"oct 5, 2024",60,0,56,355
"oct 7, 2024",27,231,422,500
"oct 8, 2024",68,284,465,519
"oct 9, 2024",38,257,409,781
"oct 10, 2024",108,290,417,740
"oct 11, 2024",0,0,16,280
"oct 14, 2024",28,130,334,259
"oct 15, 2024",56,250,388,462
"oct 16, 2024",48,238,511,764
"oct 17, 2024",29,247,528,775
"oct 18, 2024",13,272,515,810
"oct 19, 2024",0,22,34,193
"oct 20, 2024",0,0,0,42
"oct 21, 2024",54,155,259,484
"oct 22, 2024",56,199,518,1043
"oct 23, 2024",27,178,379,800
"oct 24, 2024",21,238,358,524
"oct 25, 2024",32,286,304,656
"oct 26, 2024",0,45,0,188
"oct 28, 2024",51,127,343,356
"oct 29, 2024",51,133,329,561
"oct 30, 2024",4,285,313,700
"oct 31, 2024",0,321,339,621
"nov 1, 2024",49,336,389,741
"nov 2, 2024",38,0,0,798
"nov 4, 2024",80,202,297,1056
"nov 5, 2024",55,231,147,1112
"nov 6, 2024",49,281,349,1370
"nov 7, 2024",50,277,441,1194
"nov 8, 2024",84,285,468,1076
"nov 9, 2024",1,62,0,746
"nov 11, 2024",60,276,303,888
"nov 12, 2024",102,628,654,1344
"nov 13, 2024",96,796,904,1430
"nov 14, 2024",98,720,822,1588
"nov 15, 2024",70,792,1026,1538
"nov 16, 2024",6,96,26,1106
"nov 17, 2024",0,0,0,53
"nov 18, 2024",0,0,0,114
"nov 19, 2024",136,386,456,642
"nov 20, 2024",44,712,702,1444
"nov 21, 2024",98,786,744,1750
"nov 22, 2024",96,642,724,1494
"nov 23, 2024",88,26,154,766
"nov 25, 2024",132,394,464,758
"nov 26, 2024",46,204,294,744
"nov 27, 2024",33,206,258,872
"nov 28, 2024",44,208,326,874
"nov 29, 2024",40,194,359,963
"nov 30, 2024",9,0,32,481
"dic 2, 2024",53,93,131,360
"dic 3, 2024",37,137,364,576
"dic 4, 2024",32,135,452,757
"dic 5, 2024",24,152,426,904
"dic 6, 2024",29,174,445,977
"dic 7, 2024",3,0,88,781
"dic 9, 2024",25,191,364,447
"dic 10, 2024",31,208,359,759
"dic 11, 2024",24,205,253,750
"dic 12, 2024",31,205,280,1124
"dic 13, 2024",24,189,260,892
"dic 14, 2024",43,0,7,432
"dic 16, 2024",36,75,235,368
"dic 17, 2024",57,100,247,894
"dic 18, 2024",49,128,249,1326
"dic 19, 2024",20,119,200,743
"dic 20, 2024",73,48,96,976
"dic 21, 2024",21,0,0,798
"dic 23, 2024",47,45,110,511
"dic 24, 2024",0,6,0,148
"dic 26, 2024",19,33,253,290
"dic 27, 2024",55,100,118,791
"dic 28, 2024",39,0,0,766
"dic 30, 2024",25,68,31,880
"dic 31, 2024",0,54,32,403
"ene 2, 2025",17,59,25,363
"ene 3, 2025",24,119,271,1133
"ene 4, 2025",20,72,7,755
"ene 6, 2025",20,125,154,401
"ene 7, 2025",7,114,237,946
"ene 8, 2025",22,132,237,1354
"ene 9, 2025",22,132,258,1718
"ene 10, 2025",13,151,221,1559
"ene 11, 2025",10,6,36,840
"ene 13, 2025",25,84,104,610
"ene 14, 2025",37,92,174,1131
"ene 15, 2025",33,97,352,1330
"ene 16, 2025",34,7,215,1568
"ene 17, 2025",40,4,335,1759
"ene 18, 2025",13,0,28,886
"ene 20, 2025",24,104,390,425
"ene 21, 2025",8,123,605,760
"ene 22, 2025",11,130,628,1188
"ene 23, 2025",18,51,618,1302
"ene 24, 2025",23,139,707,1395
"ene 25, 2025",0,96,322,1112
"ene 27, 2025",5,75,265,527
"ene 28, 2025",8,119,265,903
"ene 29, 2025",7,137,301,816
"ene 30, 2025",28,104,297,1068
"ene 31, 2025",10,112,357,1101
"feb 1, 2025",12,125,150,752
"feb 3, 2025",33,113,313,784
"feb 4, 2025",30,94,275,1169
"feb 5, 2025",21,112,73,1165
"feb 6, 2025",9,128,266,1073
"feb 7, 2025",29,59,90,1066
"feb 8, 2025",13,0,61,825
"feb 10, 2025",84,24,98,821
"feb 11, 2025",76,37,98,1222
"feb 12, 2025",52,95,93,1546
"feb 13, 2025",65,85,510,1249
"feb 14, 2025",68,24,518,1090
"feb 15, 2025",83,37,221,719
"feb 17, 2025",43,128,427,467
"feb 18, 2025",59,127,477,735
"feb 19, 2025",79,124,554,801
"feb 20, 2025",152,162,558,967
"feb 21, 2025",212,190,585,1541
"feb 22, 2025",166,40,171,1576
"feb 24, 2025",120,54,347,1284
"feb 25, 2025",33,78,284,1369
"feb 26, 2025",14,74,351,1378
"feb 27, 2025",28,107,293,982
"feb 28, 2025",58,111,380,767
"mar 1, 2025",83,2,64,791
"mar 2, 2025",0,0,0,2
"mar 3, 2025",0,0,0,135
"mar 4, 2025",4,0,16,135
"mar 5, 2025",71,39,143,237
"mar 6, 2025",61,81,132,898
"mar 7, 2025",103,0,0,1479
"mar 8, 2025",136,0,0,1622
"mar 10, 2025",38,71,0,614
"mar 11, 2025",70,113,0,1422
"mar 12, 2025",78,95,43,1511
"mar 13, 2025",97,140,108,518
"mar 14, 2025",199,121,280,1220
"mar 15, 2025",194,11,127,1662
"mar 17, 2025",211,55,314,2030
"mar 18, 2025",206,79,342,2235
"mar 19, 2025",266,109,347,3323
"mar 20, 2025",294,116,395,3339
"mar 21, 2025",306,87,480,3583
"mar 22, 2025",278,0,263,3485
"mar 23, 2025",90,0,0,2304
"mar 24, 2025",13,0,271,1385
"mar 25, 2025",133,189,668,1098
"mar 26, 2025",114,171,807,1316
"mar 27, 2025",190,238,726,1837
"mar 28, 2025",323,176,642,1846
"mar 29, 2025",118,62,289,1168
"mar 30, 2025",0,0,0,658
"mar 31, 2025",158,211,648,1077
"abr 1, 2025",163,162,483,1295
"abr 2, 2025",65,0,623,1449
"abr 3, 2025",185,269,591,1967
"abr 4, 2025",277,204,548,2248
"abr 5, 2025",190,124,672,1863
"abr 7, 2025",255,195,748,1584
"abr 8, 2025",184,252,1070,1430
"abr 9, 2025",160,253,767,1845
"abr 10, 2025",35,133,805,628
"abr 11, 2025",113,169,1055,942
"abr 12, 2025",107,102,710,1406
"abr 14, 2025",140,115,861,646
"abr 15, 2025",114,93,767,587
"abr 16, 2025",131,100,686,877
"abr 17, 2025",154,45,611,1082
"abr 18, 2025",0,0,516,692
"abr 19, 2025",93,14,527,826
"abr 21, 2025",35,46,482,562
"abr 22, 2025",50,78,502,742
"abr 23, 2025",73,128,495,777
"abr 24, 2025",95,100,502,903
"abr 25, 2025",57,89,491,993
"abr 26, 2025",51,74,334,886
"abr 28, 2025",34,24,544,766
"abr 29, 2025",34,47,475,833
"abr 30, 2025",150,72,543,1062
"may 1, 2025",2,0,218,659
"may 2, 2025",86,45,608,1140
"may 3, 2025",56,17,347,1311
"may 5, 2025",71,28,555,1162
"may 6, 2025",60,19,592,966
"may 7, 2025",40,41,682,1039
"may 8, 2025",16,38,680,1061
"may 9, 2025",4,49,662,1215
"may 10, 2025",26,0,399,1138
"may 12, 2025",6,68,360,1014
"may 13, 2025",32,64,399,1331
"may 14, 2025",38,64,453,1553
"may 15, 2025",78,71,585,1712
"may 16, 2025",39,59,590,1225
"may 17, 2025",52,11,367,1025
"may 19, 2025",16,38,339,529
"may 20, 2025",9,63,502,802
"may 21, 2025",29,60,386,1240
"may 22, 2025",47,78,405,1528
"may 23, 2025",59,101,489,1447
"may 26, 2025",73,65,410,1023
"may 27, 2025",78,70,292,940
"may 28, 2025",67,112,302,491
"may 29, 2025",41,120,347,854
"may 30, 2025",103,78,362,1145
"may 31, 2025",25,30,227,1262
"jun 1, 2025",0,0,0,475
"jun 2, 2025",25,59,338,768
"jun 3, 2025",49,63,439,1034
"jun 4, 2025",7,75,429,1285
"jun 5, 2025",62,79,460,1629
"jun 6, 2025",95,78,455,1659
"jun 7, 2025",0,26,254,1410
"jun 9, 2025",13,66,362,628
"jun 10, 2025",33,145,319,1218
"jun 11, 2025",21,142,313,1208
"jun 12, 2025",107,109,417,1591
"jun 13, 2025",99,93,442,1345
"jun 14, 2025",37,0,154,1548
"jun 17, 2025",20,29,90,762
"jun 18, 2025",29,99,290,1382
"jun 19, 2025",51,113,213,1858
"jun 20, 2025",0,0,229,1878
"jun 21, 2025",26,28,127,1542
"jun 23, 2025",21,54,317,1105
"jun 24, 2025",31,66,409,1128
"jun 25, 2025",34,78,553,1881
"jun 26, 2025",27,81,536,2093
"jun 27, 2025",103,79,584,2557
"jun 28, 2025",48,3,435,2637
"jun 30, 2025",44,61,384,1767
"jul 1, 2025",68,93,484,1674
"jul 2, 2025",73,125,546,2157
"jul 3, 2025",64,147,567,2454
"jul 4, 2025",50,202,572,2248
"jul 5, 2025",53,84,476,2262
"jul 7, 2025",79,167,445,1493
"jul 8, 2025",68,166,485,1549
"jul 9, 2025",0,4,352,1597
"jul 10, 2025",81,141,196,1572
"jul 11, 2025",94,169,285,1138
"jul 12, 2025",25,86,105,591
"jul 14, 2025",48,154,216,685
"jul 15, 2025",109,130,267,977
"jul 16, 2025",157,115,356,979
"jul 17, 2025",78,133,235,633
"jul 18, 2025",48,140,345,1014
"jul 19, 2025",50,75,262,952
"jul 21, 2025",40,74,519,1287
"jul 22, 2025",63,144,581,1595
"jul 23, 2025",68,148,623,1754
"jul 24, 2025",115,170,569,1197
"jul 25, 2025",128,211,800,950
"jul 26, 2025",7,193,542,751
"jul 28, 2025",84,204,444,392
"jul 29, 2025",108,337,480,712
"jul 30, 2025",147,334,504,921
"jul 31, 2025",130,249,574,1022
"ago 1, 2025",134,294,606,1595
"ago 2, 2025",67,146,468,939
"ago 4, 2025",32,135,360,920
"ago 5, 2025",94,206,517,1396
"ago 6, 2025",145,137,548,1438
"ago 7, 2025",137,230,527,1493
"ago 8, 2025",131,141,633,1907
"ago 9, 2025",75,14,529,1424
"ago 11, 2025",97,206,724,925
"ago 12, 2025",108,229,922,1334
"ago 13, 2025",126,246,1162,1301
"ago 14, 2025",120,249,998,1361
"ago 15, 2025",76,247,928,1587
"ago 16, 2025",54,62,686,612
"ago 18, 2025",148,564,1194,1412
"ago 19, 2025",40,993,1224,2142
"ago 20, 2025",8,951,772,1362
"ago 21, 2025",16,654,592,1515
"ago 22, 2025",16,747,407,1634
"ago 25, 2025",26,579,674,1161
"ago 26, 2025",86,351,784,3552
"ago 27, 2025",70,546,760,4004
"ago 28, 2025",112,507,822,3620
"ago 29, 2025",153,474,550,3940
"ago 30, 2025",52,60,486,3660
"sep 1, 2025",72,609,1110,1260
"sep 2, 2025",86,588,642,1376
"sep 3, 2025",77,675,1206,1668
"sep 4, 2025",79,594,1176,2444
"sep 5, 2025",74,117,1258,1610
"sep 6, 2025",20,0,1058,700
"sep 8, 2025",12,392,832,556
"sep 9, 2025",55,350,1058,957
"sep 10, 2025",34,334,1160,804
"sep 11, 2025",63,230,1510,1633
"sep 12, 2025",33,266,1474,1438
"sep 13, 2025",10,50,1396,593
"sep 15, 2025",54,604,824,407
"sep 16, 2025",45,594,988,633
"sep 17, 2025",81,600,1230,721
"sep 18, 2025",65,494,1284,1008
"sep 19, 2025",82,190,1280,1005
"sep 20, 2025",7,44,0,467
"sep 22, 2025",24,270,290,343
"sep 23, 2025",23,189,238,466
"sep 24, 2025",25,111,281,541
"sep 25, 2025",21,165,387,601
"sep 26, 2025",39,28,264,616
"sep 27, 2025",10,0,239,707
"sep 29, 2025",24,72,91,184
"sep 30, 2025",23,284,333,406
"oct 1, 2025",40,266,351,474
"oct 2, 2025",52,399,437,642
"oct 3, 2025",37,324,379,572
"oct 4, 2025",43,81,241,244
"oct 6, 2025",64,260,302,298
"oct 7, 2025",49,256,281,326
"oct 8, 2025",37,296,379,510
"oct 9, 2025",24,230,383,477
"oct 10, 2025",6,0,254,402
"oct 11, 2025",30,0,116,228
"oct 13, 2025",22,174,174,150
"oct 14, 2025",54,219,162,397
"oct 15, 2025",68,195,228,479
"oct 16, 2025",77,188,234,565
"oct 17, 2025",43,143,109,607
"oct 18, 2025",12,0,350,318
"oct 20, 2025",24,211,241,213
"oct 21, 2025",31,298,621,368
"oct 22, 2025",22,140,540,497
"oct 23, 2025",43,131,422,624
"oct 24, 2025",16,278,191,414
"oct 25, 2025",3,120,98,258
"oct 27, 2025",19,79,127,122
"oct 28, 2025",11,171,425,339
"oct 29, 2025",41,160,505,248
"oct 30, 2025",24,390,476,425
"oct 31, 2025",14,325,538,462
"nov 1, 2025",19,439,310,303
"nov 3, 2025",27,267,189,150
"nov 4, 2025",15,366,250,388
"nov 5, 2025",24,298,44,417
"nov 6, 2025",41,344,141,205
"nov 7, 2025",20,411,194,343
"nov 8, 2025",5,50,362,238
"nov 10, 2025",24,221,86,81
"nov 11, 2025",27,312,157,263
"nov 12, 2025",33,196,141,403
"nov 13, 2025",23,147,129,286
"nov 14, 2025",67,303,205,458
"nov 15, 2025",27,35,256,347
"nov 17, 2025",33,303,99,267
"nov 18, 2025",8,329,140,295
"nov 19, 2025",25,280,271,433
"nov 20, 2025",12,295,272,432
"nov 21, 2025",21,200,278,421
"nov 22, 2025",8,50,131,191
"nov 26, 2025",23,513,266,356
"nov 27, 2025",35,614,345,336
"nov 28, 2025",8,548,261,305
"nov 29, 2025",13,144,193,309
"dic 1, 2025",23,247,75,132
"dic 2, 2025",41,404,175,181
"dic 3, 2025",52,425,150,237
"dic 4, 2025",48,577,211,299
"dic 5, 2025",24,517,216,341
"dic 6, 2025",9,218,159,222
"dic 9, 2025",16,186,168,134
"dic 10, 2025",22,184,123,409
"dic 11, 2025",24,287,226,285
"dic 12, 2025",38,242,222,407
"dic 13, 2025",8,147,48,354
"dic 15, 2025",20,80,252,171
"dic 16, 2025",26,109,178,385
"dic 17, 2025",12,99,226,345
"dic 18, 2025",10,76,222,376
"dic 19, 2025",23,100,78,539
"dic 20, 2025",12,0,146,366
"dic 22, 2025",40,64,100,232
"dic 23, 2025",52,82,67,296
"dic 24, 2025",2,0,21,133
"dic 26, 2025",33,30,64,140
"dic 27, 2025",41,1,121,335
"dic 29, 2025",52,61,178,264
"dic 30, 2025",31,59,148,432
"dic 31, 2025",0,2,45,151
"ene 2, 2026",25,56,353,233
"ene 3, 2026",17,3,82,238
"ene 5, 2026",26,72,192,267
"ene 6, 2026",33,122,418,624
"ene 7, 2026",40,164,199,1060
"ene 8, 2026",47,210,493,1045
"ene 9, 2026",45,120,341,902
"ene 10, 2026",27,40,256,423
"ene 12, 2026",30,173,164,359
"ene 13, 2026",41,182,281,547
"ene 14, 2026",26,150,293,624
"ene 15, 2026",45,193,204,706
"ene 16, 2026",15,203,331,900
"ene 17, 2026",5,50,138,436
"ene 19, 2026",6,61,134,261
"ene 20, 2026",64,45,209,669
"ene 21, 2026",31,143,210,656
"ene 22, 2026",29,127,219,567
"ene 23, 2026",24,110,190,825
"ene 24, 2026",6,7,319,464
"ene 26, 2026",25,119,231,516
"ene 28, 2026",19,154,316,551
"ene 29, 2026",40,151,365,628
"ene 30, 2026",48,135,517,717
"ene 31, 2026",10,0,314,566
"feb 2, 2026",65,60,281,245
"feb 3, 2026",107,48,325,672
"feb 4, 2026",93,73,181,856
"feb 5, 2026",88,40,95,1305
"feb 6, 2026",65,33,202,856
"feb 7, 2026",20,0,136,710
"feb 9, 2026",19,38,6,509
"feb 10, 2026",65,24,331,608
"feb 11, 2026",19,241,441,794
"feb 12, 2026",39,77,264,881
"feb 13, 2026",22,18,262,761
"feb 14, 2026",30,0,249,801
"feb 18, 2026",34,97,147,283
"feb 19, 2026",44,0,0,153
"feb 20, 2026",10,80,221,417
"feb 21, 2026",40,0,224,1633
"feb 23, 2026",115,128,114,717
"feb 24, 2026",96,131,126,1200
"feb 25, 2026",72,74,147,1866
"feb 26, 2026",156,26,131,2316
"feb 27, 2026",130,63,200,1818
"feb 28, 2026",53,0,293,1906
"mar 2, 2026",248,0,115,2257
"mar 3, 2026",280,75,247,2592
"mar 4, 2026",256,80,168,3143
"mar 5, 2026",203,40,214,2917
"mar 6, 2026",202,83,195,2640
"mar 7, 2026",53,22,142,2114
"mar 9, 2026",103,89,148,1704
"mar 10, 2026",103,173,270,2355
"mar 11, 2026",159,175,302,3008
"mar 12, 2026",158,75,377,3832
"mar 13, 2026",204,213,271,4569
"mar 14, 2026",144,0,124,3919
"mar 16, 2026",223,94,176,3214
"mar 17, 2026",198,25,290,3933
"mar 18, 2026",131,0,302,3406
"mar 19, 2026",113,80,281,3369
"mar 20, 2026",246,198,380,3514
"mar 21, 2026",165,64,170,3044
"mar 23, 2026",15,52,165,1399
"mar 25, 2026",168,91,261,2853
"mar 26, 2026",133,110,358,3521
"mar 27, 2026",108,131,372,4375
"mar 28, 2026",139,186,433,3444
"mar 30, 2026",146,67,485,1950
"mar 31, 2026",192,32,641,3308
"abr 1, 2026",223,17,679,3443
"abr 2, 2026",112,0,223,3179
"abr 4, 2026",173,3,220,1695
"abr 6, 2026",190,33,262,1011
"abr 7, 2026",108,4,44,1906
"abr 8, 2026",137,0,0,2289
"abr 9, 2026",114,0,0,2525
"abr 10, 2026",117,0,0,2266
"abr 11, 2026",78,0,0,2148
"abr 13, 2026",167,0,0,1940
"abr 14, 2026",133,0,0,2145
"abr 15, 2026",126,0,0,1834
"abr 16, 2026",101,0,0,2018
"abr 17, 2026",155,0,0,2331
"abr 18, 2026",149,0,24,2222
"abr 20, 2026",115,0,392,1363
"abr 21, 2026",80,0,403,1409
"abr 22, 2026",76,0,518,1510
"abr 23, 2026",53,0,615,1660
"abr 24, 2026",43,0,700,1541
"abr 25, 2026",26,0,566,1004
"abr 27, 2026",40,102,454,972
"abr 28, 2026",92,95,387,1071
"abr 29, 2026",96,116,508,1271
"abr 30, 2026",89,147,508,1502
"may 2, 2026",40,114,390,1318
"may 4, 2026",89,88,593,1316
"may 5, 2026",68,145,649,1447
"may 6, 2026",38,140,813,1698
"may 7, 2026",32,108,715,2186
"may 8, 2026",7,87,604,2031
"may 9, 2026",19,14,347,1693
"may 11, 2026",21,52,321,1294
"may 12, 2026",26,79,641,2005
"may 13, 2026",22,73,687,2352
"may 14, 2026",35,72,752,2754
"may 15, 2026",24,109,751,2437
"may 16, 2026",18,92,626,1931
"may 17, 2026",0,0,274,567
"may 18, 2026",51,99,750,850
"may 19, 2026",66,101,781,1477
"may 20, 2026",50,91,838,1884
"may 21, 2026",41,92,886,2113
"may 22, 2026",21,66,862,2071
"may 23, 2026",21,7,687,1979
"may 24, 2026",0,0,369,1110
"may 25, 2026",0,0,601,649
"may 26, 2026",8,29,787,855
"may 27, 2026",25,35,949,1613
"may 28, 2026",9,48,810,1407
"may 29, 2026",25,67,736,1418
"may 30, 2026",17,26,519,1291
"jun 1, 2026",65,36,515,760
"jun 2, 2026",42,70,610,1456
"jun 3, 2026",36,76,631,1591
"jun 4, 2026",36,91,599,1373
"jun 5, 2026",42,79,433,1440
"jun 6, 2026",24,22,121,859
"jun 8, 2026",6,58,121,593
"jun 9, 2026",0,88,257,865
"jun 10, 2026",5,68,273,824
"jun 11, 2026",9,113,308,1091
"jun 12, 2026",10,77,309,1034
"jun 13, 2026",10,19,163,670
"jun 16, 2026",40,16,169,420
"jun 17, 2026",40,57,321,959
"jun 18, 2026",57,31,322,1036
"jun 19, 2026",21,34,455,1355
"jun 22, 2026",53,32,178,620
"jun 23, 2026",87,47,301,1057
"jun 24, 2026",86,101,384,1367
"jun 25, 2026",61,126,471,1827
"jun 26, 2026",79,121,552,1288
"jun 29, 2026",55,163,295,1486
"jun 30, 2026",33,184,591,1774
"jul 1, 2026",123,151,624,2418
"jul 2, 2026",135,95,620,2618
"jul 3, 2026",129,95,550,2706
"jul 6, 2026",56,85,375,1092
"jul 7, 2026",27,118,515,2092
"jul 8, 2026",45,89,607,2463
"jul 10, 2026",138,108,658,2966
"jul 11, 2026",68,50,437,3109
"jul 13, 2026",85,75,707,1697
"jul 14, 2026",132,119,457,2592
"jul 15, 2026",136,179,588,3059
"jul 16, 2026",127,99,579,3179
"jul 17, 2026",90,161,590,3128
"jul 18, 2026",32,37,588,2969
"jul 20, 2026",16,73,379,1312
"jul 21, 2026",33,160,554,2000
"jul 22, 2026",56,172,546,1956